date,enf1,enf2,enf3,enf4,txenf2,txenf3,txenf4,im_plancher,im_plafond,pt_indice_euro,pt_indice_nominal,smic_h,htp,smic_m,GMR1,GMR2,GMR3,GMR4,GMR5,smig_h_sans_ab,smig_h_ab_max,smig_brut
1950-01,,,,,,,,,,,,,,,,,,,,,,
1950-02,,,,,,,,,,,,,,,,,,,,,,
1950-03,,,,,,,,,,,,,,,,,,,,,,
1950-04,,,,,,,,,,,,,,,,,,,,,,
1950-05,,,,,,,,,,,,,,,,,,,,,,
1950-06,,,,,,,,,,,,,,,,,,,,,,
1950-07,,,,,,,,,,,,,,,,,,,,,,
1950-08,,,,,,,,,,,,,,,,,,,,,,
1950-09,,,,,,,,,,,,,,,,,,,,0.12,0.1,20.61
1950-10,,,,,,,,,,,,,,,,,,,,0.12,0.1,20.61
1950-11,,,,,,,,,,,,,,,,,,,,0.12,0.1,20.61
1950-12,,,,,,,,,,,,,,,,,,,,0.12,0.1,20.61
1951-01,,,,,,,,,,,,,,,,,,,,0.12,0.1,20.61
1951-02,,,,,,,,,,,,,,,,,,,,0.12,0.1,20.61
1951-03,,,,,,,,,,,,,,,,,,,,0.12,0.1,20.61
1951-04,,,,,,,,,,,,,,,,,,,,0.13,0.11,22.99
1951-05,,,,,,,,,,,,,,,,,,,,0.13,0.11,22.99
1951-06,,,,,,,,,,,,,,,,,,,,0.13,0.11,22.99
1951-07,,,,,,,,,,,,,,,,,,,,0.13,0.11,22.99
1951-08,,,,,,,,,,,,,,,,,,,,0.13,0.11,22.99
1951-09,,,,,,,,,,,,,,,,,,,,0.15,0.13,26.42
1951-10,,,,,,,,,,,,,,,,,,,,0.15,0.13,26.42
1951-11,,,,,,,,,,,,,,,,,,,,0.15,0.13,26.42
1951-12,,,,,,,,,,,,,,,,,,,,0.15,0.13,26.42
1952-01,,,,,,,,,,,,,,,,,,,,0.15,0.13,26.42
1952-02,,,,,,,,,,,,,,,,,,,,0.15,0.13,26.42
1952-03,,,,,,,,,,,,,,,,,,,,0.15,0.13,26.42
1952-04,,,,,,,,,,,,,,,,,,,,0.15,0.13,26.42
1952-05,,,,,,,,,,,,,,,,,,,,0.15,0.13,26.42
1952-06,,,,,,,,,,,,,,,,,,,,0.15,0.13,26.42
1952-07,,,,,,,,,,,,,,,,,,,,0.15,0.13,26.42
1952-08,,,,,,,,,,,,,,,,,,,,0.15,0.13,26.42
1952-09,,,,,,,,,,,,,,,,,,,,0.15,0.13,26.42
1952-10,,,,,,,,,,,,,,,,,,,,0.15,0.13,26.42
1952-11,,,,,,,,,,,,,,,,,,,,0.15,0.13,26.42
1952-12,,,,,,,,,,,,,,,,,,,,0.15,0.13,26.42
1953-01,,,,,,,,,,,,,,,,,,,,0.15,0.13,26.42
1953-02,,,,,,,,,,,,,,,,,,,,0.15,0.13,26.42
1953-03,,,,,,,,,,,,,,,,,,,,0.15,0.13,26.42
1953-04,,,,,,,,,,,,,,,,,,,,0.15,0.13,26.42
1953-05,,,,,,,,,,,,,,,,,,,,0.15,0.13,26.42
1953-06,,,,,,,,,,,,,,,,,,,,0.15,0.13,26.42
1953-07,,,,,,,,,,,,,,,,,,,,0.15,0.13,26.42
1953-08,,,,,,,,,,,,,,,,,,,,0.15,0.13,26.42
1953-09,,,,,,,,,,,,,,,,,,,,0.15,0.13,26.42
1953-10,,,,,,,,,,,,,,,,,,,,0.15,0.13,26.42
1953-11,,,,,,,,,,,,,,,,,,,,0.15,0.13,26.42
1953-12,,,,,,,,,,,,,,,,,,,,0.15,0.13,26.42
1954-01,,,,,,,,,,,,,,,,,,,,0.15,0.13,26.42
1954-02,,,,,,,,,,,,,,,,,,,,0.18,0.15,30.39
1954-03,,,,,,,,,,,,,,,,,,,,0.18,0.15,30.39
1954-04,,,,,,,,,,,,,,,,,,,,0.18,0.15,30.39
1954-05,,,,,,,,,,,,,,,,,,,,0.18,0.15,30.39
1954-06,,,,,,,,,,,,,,,,,,,,0.18,0.15,30.39
1954-07,,,,,,,,,,,,,,,,,,,,0.18,0.15,30.39
1954-08,,,,,,,,,,,,,,,,,,,,0.18,0.15,30.39
1954-09,,,,,,,,,,,,,,,,,,,,0.18,0.15,30.39
1954-10,,,,,,,,,,,,,,,,,,,,0.19,0.16,32.11
1954-11,,,,,,,,,,,,,,,,,,,,0.19,0.16,32.11
1954-12,,,,,,,,,,,,,,,,,,,,0.19,0.16,32.11
1955-01,,,,,,,,,,,,,,,,,,,,0.19,0.16,32.11
1955-02,,,,,,,,,,,,,,,,,,,,0.19,0.16,32.11
1955-03,,,,,,,,,,,,,,,,,,,,0.19,0.16,32.11
1955-04,,,,,,,,,,,,,,,,,,,,0.19,0.17,33.29
1955-05,,,,,,,,,,,,,,,,,,,,0.19,0.17,33.29
1955-06,,,,,,,,,,,,,,,,,,,,0.19,0.17,33.29
1955-07,,,,,,,,,,,,,,,,,,,,0.19,0.17,33.29
1955-08,,,,,,,,,,,,,,,,,,,,0.19,0.17,33.29
1955-09,,,,,,,,,,,,,,,,,,,,0.19,0.17,33.29
1955-10,,,,,,,,,,,,,,,,,,,,0.19,0.17,33.29
1955-11,,,,,,,,,,,,,,,,,,,,0.19,0.17,33.29
1955-12,,,,,,,,,,,,,,,,,,,,0.19,0.17,33.29
1956-01,,,,,,,,,,,,,,,,,,,,0.19,0.17,33.29
1956-02,,,,,,,,,,,,,,,,,,,,0.19,0.17,33.29
1956-03,,,,,,,,,,,,,,,,,,,,0.19,0.17,33.29
1956-04,,,,,,,,,,,,,,,,,,,,0.19,0.18,33.29
1956-05,,,,,,,,,,,,,,,,,,,,0.19,0.18,33.29
1956-06,,,,,,,,,,,,,,,,,,,,0.19,0.18,33.29
1956-07,,,,,,,,,,,,,,,,,,,,0.19,0.18,33.29
1956-08,,,,,,,,,,,,,,,,,,,,0.19,0.18,33.29
1956-09,,,,,,,,,,,,,,,,,,,,0.19,0.18,33.29
1956-10,,,,,,,,,,,,,,,,,,,,0.19,0.18,33.29
1956-11,,,,,,,,,,,,,,,,,,,,0.19,0.18,33.29
1956-12,,,,,,,,,,,,,,,,,,,,0.19,0.18,33.29
1957-01,,,,,,,,,,,,,,,,,,,,0.19,0.18,33.29
1957-02,,,,,,,,,,,,,,,,,,,,0.19,0.18,33.29
1957-03,,,,,,,,,,,,,,,,,,,,0.19,0.18,33.29
1957-04,,,,,,,,,,,,,,,,,,,,0.19,0.18,33.29
1957-05,,,,,,,,,,,,,,,,,,,,0.19,0.18,33.29
1957-06,,,,,,,,,,,,,,,,,,,,0.19,0.18,33.29
1957-07,,,,,,,,,,,,,,,,,,,,0.19,0.18,33.29
1957-08,,,,,,,,,,,,,,,,,,,,0.2,0.19,35.26
1957-09,,,,,,,,,,,,,,,,,,,,0.2,0.19,35.26
1957-10,,,,,,,,,,,,,,,,,,,,0.2,0.19,35.26
1957-11,,,,,,,,,,,,,,,,,,,,0.2,0.19,35.26
1957-12,,,,,,,,,,,,,,,,,,,,0.2,0.19,35.26
1958-01,,,,,,,,,,,,,,,,,,,,0.21,0.2,36.78
1958-02,,,,,,,,,,,,,,,,,,,,0.21,0.2,36.78
1958-03,,,,,,,,,,,,,,,,,,,,0.22,0.2,38.26
1958-04,,,,,,,,,,,,,,,,,,,,0.22,0.2,38.26
1958-05,,,,,,,,,,,,,,,,,,,,0.22,0.2,38.26
1958-06,,,,,,,,,,,,,,,,,,,,0.23,0.21,39.44
1958-07,,,,,,,,,,,,,,,,,,,,0.23,0.21,39.44
1958-08,,,,,,,,,,,,,,,,,,,,0.23,0.21,39.44
1958-09,,,,,,,,,,,,,,,,,,,,0.23,0.21,39.44
1958-10,,,,,,,,,,,,,,,,,,,,0.23,0.21,39.44
1958-11,,,,,,,,,,,,,,,,,,,,0.23,0.21,39.44
1958-12,,,,,,,,,,,,,,,,,,,,0.23,0.21,39.44
1959-01,,,,,,,,,,,,,,,,,,,,0.23,0.21,39.44
1959-02,,,,,,,,,,,,,,,,,,,,0.24,0.22,41.22
1959-03,,,,,,,,,,,,,,,,,,,,0.24,0.22,41.22
1959-04,,,,,,,,,,,,,,,,,,,,0.24,0.22,41.22
1959-05,,,,,,,,,,,,,,,,,,,,0.24,0.22,41.22
1959-06,,,,,,,,,,,,,,,,,,,,0.24,0.22,41.22
1959-07,,,,,,,,,,,,,,,,,,,,0.24,0.22,41.22
1959-08,,,,,,,,,,,,,,,,,,,,0.24,0.22,41.22
1959-09,,,,,,,,,,,,,,,,,,,,0.24,0.22,41.22
1959-10,,,,,,,,,,,,,,,,,,,,0.24,0.22,41.22
1959-11,,,,,,,,,,,,,,,,,,,,0.24,0.22,42.32
1959-12,,,,,,,,,,,,,,,,,,,,0.24,0.22,42.32
1960-01,,,,,,,,,,,,,,,,,,,,0.24,0.22,42.32
1960-02,,,,,,,,,,,,,,,,,,,,0.24,0.22,42.32
1960-03,,,,,,,,,,,,,,,,,,,,0.24,0.22,42.32
1960-04,,,,,,,,,,,,,,,,,,,,0.24,0.22,42.32
1960-05,,,,,,,,,,,,,,,,,,,,0.24,0.22,42.32
1960-06,,,,,,,,,,,,,,,,,,,,0.24,0.22,42.32
1960-07,,,,,,,,,,,,,,,,,,,,0.24,0.22,42.32
1960-08,,,,,,,,,,,,,,,,,,,,0.24,0.22,42.32
1960-09,,,,,,,,,,,,,,,,,,,,0.24,0.22,42.32
1960-10,,,,,,,,,,,,,,,,,,,,0.0,0.0,0.43
1960-11,,,,,,,,,,,,,,,,,,,,0.0,0.0,0.43
1960-12,,,,,,,,,,,,,,,,,,,,0.0,0.0,0.43
1961-01,,,,,,,,,,,,,,,,,,,,0.0,0.0,0.43
1961-02,,,,,,,,,,,,,,,,,,,,0.0,0.0,0.43
1961-03,,,,,,,,,,,,,,,,,,,,0.0,0.0,0.43
1961-04,,,,,,,,,,,,,,,,,,,,0.0,0.0,0.43
1961-05,,,,,,,,,,,,,,,,,,,,0.0,0.0,0.43
1961-06,,,,,,,,,,,,,,,,,,,,0.0,0.0,0.43
1961-07,,,,,,,,,,,,,,,,,,,,0.0,0.0,0.43
1961-08,,,,,,,,,,,,,,,,,,,,0.0,0.0,0.43
1961-09,,,,,,,,,,,,,,,,,,,,0.0,0.0,0.43
1961-10,,,,,,,,,,,,,,,,,,,,0.0,0.0,0.43
1961-11,,,,,,,,,,,,,,,,,,,,0.0,0.0,0.43
1961-12,,,,,,,,,,,,,,,,,,,,0.0,0.0,0.45
1962-01,,,,,,,,,,,,,,,,,,,,0.0,0.0,0.45
1962-02,,,,,,,,,,,,,,,,,,,,0.0,0.0,0.45
1962-03,,,,,,,,,,,,,,,,,,,,0.0,0.0,0.45
1962-04,,,,,,,,,,,,,,,,,,,,0.0,0.0,0.45
1962-05,,,,,,,,,,,,,,,,,,,,0.0,0.0,0.45
1962-06,,,,,,,,,,,,,,,,,,,,0.0,0.0,0.46
1962-07,,,,,,,,,,,,,,,,,,,,0.0,0.0,0.46
1962-08,,,,,,,,,,,,,,,,,,,,0.0,0.0,0.46
1962-09,,,,,,,,,,,,,,,,,,,,0.0,0.0,0.46
1962-10,,,,,,,,,,,,,,,,,,,,0.0,0.0,0.46
1962-11,,,,,,,,,,,,,,,,,,,,0.0,0.0,0.48
1962-12,,,,,,,,,,,,,,,,,,,,0.0,0.0,0.48
1963-01,,,,,,,,,,,,,,,,,,,,0.0,0.0,0.48
1963-02,,,,,,,,,,,,,,,,,,,,0.0,0.0,0.48
1963-03,,,,,,,,,,,,,,,,,,,,0.0,0.0,0.48
1963-04,,,,,,,,,,,,,,,,,,,,0.0,0.0,0.48
1963-05,,,,,,,,,,,,,,,,,,,,0.0,0.0,0.48
1963-06,,,,,,,,,,,,,,,,,,,,0.0,0.0,0.48
1963-07,,,,,,,,,,,,,,,,,,,,0.0,0.0,0.5
1963-08,,,,,,,,,,,,,,,,,,,,0.0,0.0,0.5
1963-09,,,,,,,,,,,,,,,,,,,,0.0,0.0,0.5
1963-10,,,,,,,,,,,,,,,,,,,,0.0,0.0,0.5
1963-11,,,,,,,,,,,,,,,,,,,,0.0,0.0,0.5
1963-12,,,,,,,,,,,,,,,,,,,,0.0,0.0,0.5
1964-01,,,,,,,,,,,,,,,,,,,,0.0,0.0,0.5
1964-02,,,,,,,,,,,,,,,,,,,,0.0,0.0,0.5
1964-03,,,,,,,,,,,,,,,,,,,,0.0,0.0,0.5
1964-04,,,,,,,,,,,,,,,,,,,,0.0,0.0,0.5
1964-05,,,,,,,,,,,,,,,,,,,,0.0,0.0,0.5
1964-06,,,,,,,,,,,,,,,,,,,,0.0,0.0,0.5
1964-07,,,,,,,,,,,,,,,,,,,,0.0,0.0,0.5
1964-08,,,,,,,,,,,,,,,,,,,,0.0,0.0,0.5
1964-09,,,,,,,,,,,,,,,,,,,,0.0,0.0,0.5
1964-10,,,,,,,,,,,,,,,,,,,,0.0,0.0,0.51
1964-11,,,,,,,,,,,,,,,,,,,,0.0,0.0,0.51
1964-12,,,,,,,,,,,,,,,,,,,,0.0,0.0,0.51
1965-01,,,,,,,,,,,,,,,,,,,,0.0,0.0,0.51
1965-02,,,,,,,,,,,,,,,,,,,,0.0,0.0,0.51
1965-03,,,,,,,,,,,,,,,,,,,,0.0,0.0,0.52
1965-04,,,,,,,,,,,,,,,,,,,,0.0,0.0,0.52
1965-05,,,,,,,,,,,,,,,,,,,,0.0,0.0,0.52
1965-06,,,,,,,,,,,,,,,,,,,,0.0,0.0,0.52
1965-07,,,,,,,,,,,,,,,,,,,,0.0,0.0,0.52
1965-08,,,,,,,,,,,,,,,,,,,,0.0,0.0,0.52
1965-09,,,,,,,,,,,,,,,,,,,,0.0,0.0,0.53
1965-10,,,,,,,,,,,,,,,,,,,,0.0,0.0,0.53
1965-11,,,,,,,,,,,,,,,,,,,,0.0,0.0,0.53
1965-12,,,,,,,,,,,,,,,,,,,,0.0,0.0,0.53
1966-01,,,,,,,,,,,,,,,,,,,,0.0,0.0,0.53
1966-02,,,,,,,,,,,,,,,,,,,,0.0,0.0,0.53
1966-03,,,,,,,,,,,,,,,,,,,,0.0,0.0,0.54
1966-04,,,,,,,,,,,,,,,,,,,,0.0,0.0,0.54
1966-05,,,,,,,,,,,,,,,,,,,,0.0,0.0,0.54
1966-06,,,,,,,,,,,,,,,,,,,,0.0,0.0,0.54
1966-07,,,,,,,,,,,,,,,,,,,,0.0,0.0,0.54
1966-08,,,,,,,,,,,,,,,,,,,,0.0,0.0,0.54
1966-09,,,,,,,,,,,,,,,,,,,,0.0,0.0,0.54
1966-10,,,,,,,,,,,,,,,,,,,,0.0,,0.55
1966-11,,,,,,,,,,,,,,,,,,,,0.0,,0.55
1966-12,,,,,,,,,,,,,,,,,,,,0.0,,0.55
1967-01,,,,,,,,,,,,,,,,,,,,0.0,,0.55
1967-02,,,,,,,,,,,,,,,,,,,,0.0,,0.55
1967-03,,,,,,,,,,,,,,,,,,,,0.0,,0.55
1967-04,,,,,,,,,,,,,,,,,,,,0.0,,0.55
1967-05,,,,,,,,,,,,,,,,,,,,0.0,,0.55
1967-06,,,,,,,,,,,,,,,,,,,,0.0,,0.55
1967-07,,,,,,,,,,,,,,,,,,,,0.0,,0.57
1967-08,,,,,,,,,,,,,,,,,,,,0.0,,0.57
1967-09,,,,,,,,,,,,,,,,,,,,0.0,,0.57
1967-10,,,,,,,,,,,,,,,,,,,,0.0,,0.57
1967-11,,,,,,,,,,,,,,,,,,,,0.0,,0.57
1967-12,,,,,,,,,,,,,,,,,,,,0.0,,0.57
1968-01,,,,,,,,,,,,,,,,,,,,0.0,,0.59
1968-02,,,,,,,,,,,,,,,,,,,,0.0,,0.59
1968-03,,,,,,,,,,,,,,,,,,,,0.0,,0.59
1968-04,,,,,,,,,,,,,,,,,,,,0.0,,0.59
1968-05,,,,,,,,,,,,,,,,,,,,0.0,,0.59
1968-06,,,,,,,,,,,,,,,,,,,,0.0,,0.79
1968-07,,,,,,,,,,,,,,,,,,,,0.0,,0.79
1968-08,,,,,,,,,,,,,,,,,,,,0.0,,0.79
1968-09,,,,,,,,,,,,,,,,,,,,0.0,,0.79
1968-10,,,,,,,,,,,,,,,,,,,,0.0,,0.79
1968-11,,,,,,,,,,,,,,,,,,,,0.0,,0.79
1968-12,,,,,,,,,,,,,,,,,,,,0.0,,0.81
1969-01,,,,,,,,,,,,,,,,,,,,0.0,,0.81
1969-02,,,,,,,,,,,,,,,,,,,,0.0,,0.81
1969-03,,,,,,,,,,,,,,,,,,,,0.0,,0.81
1969-04,,,,,,,,,,,,,,,,,,,,0.0,,0.83
1969-05,,,,,,,,,,,,,,,,,,,,0.0,,0.83
1969-06,,,,,,,,,,,,,,,,,,,,0.0,,0.83
1969-07,,,,,,,,,,,,,,,,,,,,0.0,,0.83
1969-08,,,,,,,,,,,,,,,,,,,,0.0,,0.83
1969-09,,,,,,,,,,,,,,,,,,,,0.0,,0.83
1969-10,,,,,,,,,,,,,,,,,,,,0.0,,0.86
1969-11,,,,,,,,,,,,,,,,,,,,0.0,,0.86
1969-12,,,,,,,,,,,,,,,,,,,,0.0,,0.86
1970-01,,,,,,,,,,8.6576,8.66,0.5,173.333333333333,86.41,,,,,,,,
1970-02,,,,,,,,,,8.6576,8.66,0.5,173.333333333333,86.41,,,,,,,,
1970-03,,,,,,,,,,8.6576,8.66,0.51,173.333333333333,88.79,,,,,,,,
1970-04,,,,,,,,,,8.9975,9.0,0.51,173.333333333333,88.79,,,,,,,,
1970-05,,,,,,,,,,8.9975,9.0,0.51,173.333333333333,88.79,,,,,,,,
1970-06,,,,,,,,,,8.9975,9.0,0.51,173.333333333333,88.79,,,,,,,,
1970-07,,,,,,,,,,8.9975,9.0,0.53,173.333333333333,92.49,,,,,,,,
1970-08,,,,,,,,,,8.9975,9.0,0.53,173.333333333333,92.49,,,,,,,,
1970-09,,,,,,,,,,8.9975,9.0,0.53,173.333333333333,92.49,,,,,,,,
1970-10,,,,,,,,,,9.1896,9.19,0.53,173.333333333333,92.49,,,,,,,,
1970-11,,,,,,,,,,9.1896,9.19,0.53,173.333333333333,92.49,,,,,,,,
1970-12,,,,,,,,,,9.1896,9.19,0.53,173.333333333333,92.49,,,,,,,,
1971-01,,,,,,,,,,9.3726,9.37,0.55,173.333333333333,95.92,,,,,,,,
1971-02,,,,,,,,,,9.3726,9.37,0.55,173.333333333333,95.92,,,,,,,,
1971-03,,,,,,,,,,9.3726,9.37,0.55,173.333333333333,95.92,,,,,,,,
1971-04,,,,,,,,,,9.3726,9.37,0.56,173.333333333333,97.24,,,,,,,,
1971-05,,,,,,,,,,9.3726,9.37,0.56,173.333333333333,97.24,,,,,,,,
1971-06,,,,,,,,,,9.5098,9.51,0.56,173.333333333333,97.24,,,,,,,,
1971-07,,,,,,,,,,9.5098,9.51,0.59,173.333333333333,101.73,,,,,,,,
1971-08,,,,,,,,,,9.5098,9.51,0.59,173.333333333333,101.73,,,,,,,,
1971-09,,,,,,,,,,9.5098,9.51,0.59,173.333333333333,101.73,,,,,,,,
1971-10,,,,,,,,,,9.8574,9.86,0.59,173.333333333333,101.73,,,,,,,,
1971-11,,,,,,,,,,9.9671,9.97,0.59,173.333333333333,101.73,,,,,,,,
1971-12,,,,,,,,,,9.9671,9.97,0.6,173.333333333333,104.11,,,,,,,,
1972-01,,,,,,,,,,10.0129,10.01,0.6,173.333333333333,104.11,,,,,,,,
1972-02,,,,,,,,,,10.1638,10.16,0.6,173.333333333333,104.11,,,,,,,,
1972-03,,,,,,,,,,10.1638,10.16,0.6,173.333333333333,104.11,,,,,,,,
1972-04,,,,,,,,,,10.1638,10.16,0.6,173.333333333333,104.11,,,,,,,,
1972-05,,,,,,,,,,10.1638,10.16,0.63,173.333333333333,108.34,,,,,,,,
1972-06,,,,,,,,,,10.333,10.33,0.63,173.333333333333,108.34,,,,,,,,
1972-07,,,,,,,,,,10.333,10.33,0.66,173.333333333333,113.63,,,,,,,,
1972-08,,,,,,,,,,10.333,10.33,0.66,173.333333333333,113.63,,,,,,,,
1972-09,,,,,,,,,,10.4336,10.43,0.66,173.333333333333,113.63,,,,,,,,
1972-10,,,,,,,,,,10.6608,10.66,0.66,173.333333333333,113.63,,,,,,,,
1972-11,,,,,,,,,,10.6608,10.66,0.69,173.333333333333,120.23,,,,,,,,
1972-12,,,,,,,,,,10.6608,10.66,0.69,173.333333333333,120.23,,,,,,,,
1973-01,,,,,,,,,,11.0144,11.01,0.69,173.333333333333,120.23,,,,,,,,
1973-02,,,,,,,,,,11.0144,11.01,0.71,173.333333333333,122.61,,,,,,,,
1973-03,,,,,,,,,,11.0144,11.01,0.71,173.333333333333,122.61,,,,,,,,
1973-04,,,,,,,,,,11.0144,11.01,0.71,173.333333333333,122.61,,,,,,,,
1973-05,,,,,,,,,,11.0144,11.01,0.71,173.333333333333,122.61,,,,,,,,
1973-06,,,,,,,,,,11.1776,11.18,0.71,173.333333333333,122.61,,,,,,,,
1973-07,,,,,,,,,,11.2309,11.23,0.79,173.333333333333,137.41,,,,,,,,
1973-08,,,,,,,,,,11.3132,11.31,0.79,173.333333333333,137.41,,,,,,,,
1973-09,,,,,,,,,,11.3132,11.31,0.79,173.333333333333,137.41,,,,,,,,
1973-10,,,,,,,,,,11.7462,11.75,0.81,173.333333333333,140.58,,,,,,,,
1973-11,,,,,,,,,,11.7462,11.75,0.81,173.333333333333,140.58,,,,,,,,
1973-12,,,,,,,,,,11.9368,11.94,0.83,173.333333333333,143.49,,,,,,,,
1974-01,,,,,,,,,,12.0999,12.1,0.83,173.333333333333,143.49,,,,,,,,
1974-02,,,,,,,,,,12.3423,12.34,0.83,173.333333333333,143.49,,,,,,,,
1974-03,,,,,,,,,,12.3423,12.34,0.85,173.333333333333,147.98,,,,,,,,
1974-04,,,,,,,,,,12.6136,12.61,0.85,173.333333333333,147.98,,,,,,,,
1974-05,,,,,,,,,,12.6136,12.61,0.91,173.333333333333,157.23,,,,,,,,
1974-06,,,,,,,,,,12.8072,12.81,0.91,173.333333333333,157.23,,,,,,,,
1974-07,,,,,,,,,,12.9292,12.93,0.98,173.333333333333,169.12,,,,,,,,
1974-08,,,,,,,,,,12.9292,12.93,0.98,173.333333333333,169.12,,,,,,,,
1974-09,,,,,,,,,,13.1701,13.17,1.0,173.333333333333,173.08,,,,,,,,
1974-10,,,,,,,,,,13.1701,13.17,1.0,173.333333333333,173.08,,,,,,,,
1974-11,,,,,,,,,,13.5359,13.54,1.0,173.333333333333,173.08,,,,,,,,
1974-12,,,,,,,,,,13.8393,13.84,1.03,173.333333333333,178.37,,,,,,,,
1975-01,,,,,,,,,,14.036,14.04,1.03,173.333333333333,178.37,,,,,,,,
1975-02,,,,,,,,,,14.036,14.04,1.03,173.333333333333,178.37,,,,,,,,
1975-03,,,,,,,,,,14.036,14.04,1.06,173.333333333333,183.65,,,,,,,,
1975-04,,,,,,,,,,14.3897,14.39,1.06,173.333333333333,183.65,,,,,,,,
1975-05,,,,,,,,,,14.3897,14.39,1.06,173.333333333333,183.65,,,,,,,,
1975-06,,,,,,,,,,14.3897,14.39,1.09,173.333333333333,188.14,,,,,,,,
1975-07,,,,,,,,,,14.6382,14.64,1.15,173.333333333333,199.5,,,,,,,,
1975-08,,,,,,,,,,14.6382,14.64,1.15,173.333333333333,199.5,,,,,,,,
1975-09,,,,,,,,,,14.6382,14.64,1.15,173.333333333333,199.5,,,,,,,,
1975-10,,,,,,,,,,15.2068,15.21,1.18,173.333333333333,203.73,,,,,,,,
1975-11,,,,,,,,,,15.2068,15.21,1.18,173.333333333333,203.73,,,,,,,,
1975-12,,,,,,,,,,15.2068,15.21,1.18,173.333333333333,203.73,,,,,,,,
1976-01,,,,,,,,,,15.6016,15.6,1.2,173.333333333333,208.49,,,,,,,,
1976-02,,,,,,,,,,15.6016,15.6,1.2,173.333333333333,208.49,,,,,,,,
1976-03,,,,,,,,,,15.6016,15.6,1.2,173.333333333333,208.49,,,,,,,,
1976-04,,,,,,,,,,15.9401,15.94,1.23,173.333333333333,213.51,,,,,,,,
1976-05,,,,,,,,,,15.9401,15.94,1.23,173.333333333333,213.51,,,,,,,,
1976-06,,,,,,,,,,15.9401,15.94,1.23,173.333333333333,213.51,,,,,,,,
1976-07,,,,,,,,,,16.2633,16.26,1.31,173.333333333333,226.72,,,,,,,,
1976-08,,,,,,,,,,16.2633,16.26,1.31,173.333333333333,226.72,,,,,,,,
1976-09,,,,,,,,,,16.2633,16.26,1.31,173.333333333333,226.72,,,,,,,,
1976-10,,,,,,,,,,16.7984,16.8,1.34,173.333333333333,231.48,,,,,,,,
1976-11,,,,,,,,,,16.7984,16.8,1.34,173.333333333333,231.48,,,,,,,,
1976-12,,,,,,,,,,16.7984,16.8,1.36,173.333333333333,236.23,,,,,,,,
1977-01,,,,,,,,,,17.1597,17.16,1.36,173.333333333333,236.23,,,,,,,,
1977-02,,,,,,,,,,17.1597,17.16,1.36,173.333333333333,236.23,,,,,,,,
1977-03,,,,,,,,,,17.1597,17.16,1.36,173.333333333333,236.23,,,,,,,,
1977-04,,,,,,,,,,17.338,17.34,1.39,173.333333333333,241.52,,,,,,,,
1977-05,,,,,,,,,,17.338,17.34,1.39,173.333333333333,241.52,,,,,,,,
1977-06,,,,,,,,,,17.7649,17.76,1.42,173.333333333333,246.8,,,,,,,,
1977-07,,,,,,,,,,17.7649,17.76,1.46,173.333333333333,253.15,,,,,,,,
1977-08,,,,,,,,,,17.7649,17.76,1.46,173.333333333333,253.15,,,,,,,,
1977-09,,,,,,,,,,18.21,18.21,1.46,173.333333333333,253.15,,,,,,,,
1977-10,,,,,,,,,,18.21,18.21,1.49,173.333333333333,258.7,,,,,,,,
1977-11,,,,,,,,,,18.21,18.21,1.49,173.333333333333,258.7,,,,,,,,
1977-12,,,,,,,,,,18.6369,18.64,1.53,173.333333333333,265.83,,,,,,,,
1978-01,,,,,,,,,,18.6369,18.64,1.53,173.333333333333,265.83,,,,,,,,
1978-02,,,,,,,,,,18.9159,18.92,1.53,173.333333333333,265.83,,,,,,,,
1978-03,,,,,,,,,,18.9159,18.92,1.53,173.333333333333,265.83,,,,,,,,
1978-04,,,,,,,,,,18.9159,18.92,1.53,173.333333333333,265.83,,,,,,,,
1978-05,,,,,,,,,,18.9159,18.92,1.59,173.333333333333,276.14,,,,,,,,
1978-06,,,,,,,,,,19.6613,19.66,1.59,173.333333333333,276.14,,,,,,,,
1978-07,,,,,,,,,,19.6613,19.66,1.65,173.333333333333,286.71,,,,,,,,
1978-08,,,,,,,,,,19.6613,19.66,1.65,173.333333333333,286.71,,,,,,,,
1978-09,,,,,,,,,,20.1278,20.13,1.69,173.333333333333,292.52,,,,,,,,
1978-10,,,,,,,,,,20.1278,20.13,1.69,173.333333333333,292.52,,,,,,,,
1978-11,,,,,,,,,,20.6965,20.7,1.69,173.333333333333,292.52,,,,,,,,
1978-12,,,,,,,,,,20.6965,20.7,1.72,173.333333333333,298.86,,,,,,,,
1979-01,,,,,,,,,,20.7331,20.73,1.72,173.333333333333,298.86,,,,,,,,
1979-02,,,,,,,,,,20.7331,20.73,1.72,173.333333333333,298.86,,,,,,,,
1979-03,,,,,,,,,,21.0441,21.04,1.72,173.333333333333,298.86,,,,,,,,
1979-04,,,,,,,,,,21.0441,21.04,1.77,173.333333333333,306.52,,,,,,,,
1979-05,,,,,,,,,,21.0441,21.04,1.77,173.333333333333,306.52,,,,,,,,
1979-06,,,,,,,,,,21.6142,21.61,1.77,173.333333333333,306.52,,,,,,,,
1979-07,,,,,,,,,,21.9252,21.93,1.85,173.333333333333,321.06,,,,,,,,
1979-08,,,,,,,,,,21.9252,21.93,1.85,173.333333333333,321.06,,,,,,,,
1979-09,,,,,,,,,,22.6067,22.61,1.89,173.333333333333,328.19,,,,,,,,
1979-10,,,,,,,,,,22.6067,22.61,1.89,173.333333333333,328.19,,,,,,,,
1979-11,,,,,,,,,,22.9177,22.92,1.89,173.333333333333,328.19,,,,,,,,
1979-12,,,,,,,,,,23.2287,23.23,1.97,173.333333333333,341.67,,,,,,,,
1980-01,,,,,,,,,,23.3948,23.39,1.97,173.333333333333,341.67,,,,,,,,
1980-02,,,,,,,,,,23.3948,23.39,1.97,173.333333333333,341.67,,,,,,,,
1980-03,,,,,,,,,,23.9802,23.98,2.04,173.333333333333,353.3,,,,,,,,
1980-04,,,,,,,,,,24.3888,24.39,2.04,173.333333333333,353.3,,,,,,,,
1980-05,,,,,,,,,,24.3888,24.39,2.08,173.333333333333,360.96,,,,,,,,
1980-06,,,,,,,,,,24.3888,24.39,2.08,173.333333333333,360.96,,,,,,,,
1980-07,,,,,,,,,,25.1266,25.13,2.13,173.333333333333,369.94,,,,,,,,
1980-08,,,,,,,,,,25.1266,25.13,2.13,173.333333333333,369.94,,,,,,,,
1980-09,,,,,,,,,,25.1266,25.13,2.18,173.333333333333,377.61,,,,,,,,
1980-10,,,,,,,,,,26.1496,26.15,2.18,173.333333333333,377.61,,,,,,,,
1980-11,,,,,,,,,,26.1496,26.15,2.18,173.333333333333,377.61,,,,,,,,
1980-12,,,,,,,,,,26.1496,26.15,2.25,173.333333333333,390.82,,,,,,,,
1981-01,,,,,,,,,,26.8508,26.85,2.25,173.333333333333,390.82,,,,,,,,
1981-02,,,,,,,,,,26.8508,26.85,2.25,173.333333333333,390.82,,,,,,,,
1981-03,,,,,,,,,,26.8508,26.85,2.32,173.333333333333,401.65,,,,,,,,
1981-04,,,,,,,,,,27.6603,27.66,2.32,173.333333333333,401.65,,,,,,,,
1981-05,,,,,,,,,,27.6603,27.66,2.32,173.333333333333,401.65,,,,,,,,
1981-06,,,,,,,,,,27.6603,27.66,2.55,173.333333333333,441.82,,,,,,,,
1981-07,,,,,,,,,,28.572,28.57,2.55,173.333333333333,441.82,,,,,,,,
1981-08,,,,,,,,,,28.572,28.57,2.55,173.333333333333,441.82,,,,,,,,
1981-09,,,,,,,,,,28.572,28.57,2.64,173.333333333333,458.2,,,,,,,,
1981-10,,,,,,,,,,30.0172,30.02,2.64,173.333333333333,458.2,,,,,,,,
1981-11,,,,,,,,,,30.0172,30.02,2.71,173.333333333333,469.3,,,,,,,,
1981-12,,,,,,,,,,30.0172,30.02,2.71,173.333333333333,469.3,,,,,,,,
1982-01,,,,,,,,,,30.9563,30.96,2.77,173.333333333333,479.6,,,,,,,,
1982-02,,,,,,,,,,30.9563,30.96,2.77,173.333333333333,479.6,,,,,,,,
1982-03,,,,,,,,,,30.9563,30.96,2.84,169.0,479.72,,,,,,,,
1982-04,,,,,,,,,,31.8359,31.84,2.84,169.0,479.72,,,,,,,,
1982-05,,,,,,,,,,31.8359,31.84,2.9,169.0,490.29,,,,,,,,
1982-06,,,,,,,,,,31.8359,31.84,2.9,169.0,490.29,,,,,,,,
1982-07,,,,,,,,,,31.8359,31.84,2.99,169.0,506.0,,,,,,,,
1982-08,,,,,,,,,,31.8359,31.84,2.99,169.0,506.0,,,,,,,,
1982-09,,,,,,,,,,31.8359,31.84,2.99,169.0,506.0,,,,,,,,
1982-10,,,,,,,,,,31.8359,31.84,2.99,169.0,506.0,,,,,,,,
1982-11,,,,,,,,,,33.086,33.09,2.99,169.0,506.0,,,,,,,,
1982-12,,,,,,,,,,33.39318333333333,33.39,3.09,169.0,522.75,,,,,,,,
1983-01,,,,,,,,,,34.03817142857143,34.04,3.09,169.0,522.75,,,,,,,,
1983-02,,,,,,,,,,34.03817142857143,34.04,3.09,169.0,522.75,,,,,,,,
1983-03,,,,,,,,,,34.03817142857143,34.04,3.2,169.0,541.56,,,,,,,,
1983-04,,,,,,,,,,34.71207500000001,34.71,3.2,169.0,541.56,,,,,,,,
1983-05,,,,,,,,,,34.71207500000001,34.71,3.2,169.0,541.56,,,,,,,,
1983-06,,,,,,,,,,34.71207500000001,34.71,3.3,169.0,557.79,,,,,,,,
1983-07,,,,,,,,,,35.3860875,35.39,3.34,169.0,563.97,,,,,,,,
1983-08,,,,,,,,,,35.3860875,35.39,3.34,169.0,563.97,,,,,,,,
1983-09,,,,,,,,,,35.3860875,35.39,3.34,169.0,563.97,,,,,,,,
1983-10,,,,,,,,,,35.3860875,35.39,3.4,169.0,575.31,,,,,,,,
1983-11,,,,,,,,,,36.42104545454545,36.42,3.4,169.0,575.31,,,,,,,,
1983-12,,,,,,,,,,36.42104545454545,36.42,3.4,169.0,575.31,,,,,,,,
1984-01,,,,,,,,,,37.4308,37.43,3.47,169.0,586.9,,,,,,,,
1984-02,,,,,,,,,,37.4308,37.43,3.47,169.0,586.9,,,,,,,,
1984-03,,,,,,,,,,37.4308,37.43,3.47,169.0,586.9,,,,,,,,
1984-04,,,,,,,,,,37.8058,37.81,3.47,169.0,586.9,,,,,,,,
1984-05,,,,,,,,,,37.8058,37.81,3.59,169.0,607.0,,,,,,,,
1984-06,,,,,,,,,,37.8058,37.81,3.59,169.0,607.0,,,,,,,,
1984-07,,,,,,,,,,37.8058,37.81,3.63,169.0,614.21,,,,,,,,
1984-08,,,,,,,,,,37.8058,37.81,3.63,169.0,614.21,,,,,,,,
1984-09,,,,,,,,,,37.8058,37.81,3.63,169.0,614.21,,,,,,,,
1984-10,,,,,,,,,,37.8058,37.81,3.63,169.0,614.21,,,,,,,,
1984-11,,,,,,,,,,38.5544,38.55,3.71,169.0,627.61,,,,,,,,
1984-12,,,,,,,,,,38.5544,38.55,3.71,169.0,627.61,,,,,,,,
1985-01,,,,,,,,,,38.5544,38.55,3.71,169.0,627.61,,,,,,,,
1985-02,,,,,,,,,,39.1321,39.13,3.71,169.0,627.61,,,,,,,,
1985-03,,,,,,,,,,39.1321,39.13,3.71,169.0,627.61,,,,,,,,
1985-04,,,,,,,,,,39.1321,39.13,3.8,169.0,641.52,,,,,,,,
1985-05,,,,,,,,,,39.1321,39.13,3.89,169.0,658.01,,,,,,,,
1985-06,,,,,,,,,,39.1321,39.13,3.89,169.0,658.01,,,,,,,,
1985-07,,,,,,,,,,39.7114,39.71,3.97,169.0,670.89,,,,,,,,
1985-08,,,,,,,,,,39.7114,39.71,3.97,169.0,670.89,,,,,,,,
1985-09,,,,,,,,,,39.7114,39.71,3.97,169.0,670.89,,,,,,,,
1985-10,,,,,,,,,,39.7114,39.71,3.97,169.0,670.89,,,,,,,,
1985-11,27.44,73.18,109.76,36.59,0.03,0.08,0.06,380.0,621.0,40.2892,40.29,3.97,169.0,670.89,,,,,,,,
1985-12,27.44,73.18,109.76,36.59,0.03,0.08,0.06,380.0,621.0,40.2892,40.29,3.97,169.0,670.89,,,,,,,,
1986-01,27.44,73.18,109.76,36.59,0.03,0.08,0.06,380.0,621.0,40.2892,40.29,3.97,169.0,670.89,,,,,,,,
1986-02,27.44,73.18,109.76,36.59,0.03,0.08,0.06,380.0,621.0,40.2892,40.29,3.97,169.0,670.89,,,,,,,,
1986-03,27.44,73.18,109.76,36.59,0.03,0.08,0.06,380.0,621.0,40.2892,40.29,3.97,169.0,670.89,,,,,,,,
1986-04,27.44,73.18,109.76,36.59,0.03,0.08,0.06,380.0,621.0,40.2892,40.29,3.97,169.0,670.89,,,,,,,,
1986-05,27.44,73.18,109.76,36.59,0.03,0.08,0.06,380.0,621.0,40.2892,40.29,3.97,169.0,670.89,,,,,,,,
1986-06,27.44,73.18,109.76,36.59,0.03,0.08,0.06,380.0,621.0,40.2892,40.29,4.05,169.0,685.06,,,,,,,,
1986-07,27.44,73.18,109.76,36.59,0.03,0.08,0.06,380.0,621.0,40.2892,40.29,4.05,169.0,685.06,,,,,,,,
1986-08,27.44,73.18,109.76,36.59,0.03,0.08,0.06,380.0,621.0,40.2892,40.29,4.1,169.0,693.56,,,,,,,,
1986-09,27.44,73.18,109.76,36.59,0.03,0.08,0.06,380.0,621.0,40.2892,40.29,4.1,169.0,693.56,,,,,,,,
1986-10,27.44,73.18,109.76,36.59,0.03,0.08,0.06,380.0,621.0,40.2892,40.29,4.1,169.0,693.56,,,,,,,,
1986-11,27.44,73.18,109.76,36.59,0.03,0.08,0.06,380.0,621.0,40.2892,40.29,4.1,169.0,693.56,,,,,,,,
1986-12,27.44,73.18,109.76,36.59,0.03,0.08,0.06,380.0,621.0,40.2892,40.29,4.1,169.0,693.56,,,,,,,,
1987-01,27.44,73.18,109.76,36.59,0.03,0.08,0.06,380.0,621.0,40.2892,40.29,4.1,169.0,693.56,,,,,,,,
1987-02,27.44,73.18,109.76,36.59,0.03,0.08,0.06,380.0,621.0,40.2892,40.29,4.1,169.0,693.56,,,,,,,,
1987-03,27.44,73.18,109.76,36.59,0.03,0.08,0.06,380.0,621.0,40.5316,40.53,4.2,169.0,710.31,,,,,,,,
1987-04,27.44,73.18,109.76,36.59,0.03,0.08,0.06,380.0,621.0,40.5316,40.53,4.2,169.0,710.31,,,,,,,,
1987-05,27.44,73.18,109.76,36.59,0.03,0.08,0.06,380.0,621.0,40.5316,40.53,4.2,169.0,710.31,,,,,,,,
1987-06,27.44,73.18,109.76,36.59,0.03,0.08,0.06,380.0,621.0,40.5316,40.53,4.2,169.0,710.31,,,,,,,,
1987-07,27.44,73.18,109.76,36.59,0.03,0.08,0.06,380.0,621.0,40.5316,40.53,4.24,169.0,717.27,,,,,,,,
1987-08,27.44,73.18,109.76,36.59,0.03,0.08,0.06,380.0,621.0,40.73285291566368,40.73,4.24,169.0,717.27,,,,,,,,
1987-09,27.44,73.18,109.76,36.59,0.03,0.08,0.06,380.0,621.0,40.73285291566368,40.73,4.24,169.0,717.27,,,,,,,,
1987-10,27.44,73.18,109.76,36.59,0.03,0.08,0.06,380.0,621.0,40.73285291566368,40.73,4.24,169.0,717.27,,,,,,,,
1987-11,27.44,73.18,109.76,36.59,0.03,0.08,0.06,380.0,621.0,40.73285291566368,40.73,4.24,169.0,717.27,,,,,,,,
1987-12,27.44,73.18,109.76,36.59,0.03,0.08,0.06,380.0,621.0,40.73285291566368,40.73,4.24,169.0,717.27,,,,,,,,
1988-01,27.44,73.18,109.76,36.59,0.03,0.08,0.06,380.0,621.0,40.73285291566368,40.73,4.24,169.0,717.27,,,,,,,,
1988-02,27.44,73.18,109.76,36.59,0.03,0.08,0.06,380.0,621.0,40.73285291566368,40.73,4.24,169.0,717.27,,,,,,,,
1988-03,27.44,128.06,182.94,54.88,0.03,0.08,0.06,440.0,716.0,41.5469,41.55,4.24,169.0,717.27,,,,,,,,
1988-04,27.44,128.06,182.94,54.88,0.03,0.08,0.06,440.0,716.0,41.5469,41.55,4.24,169.0,717.27,,,,,,,,
1988-05,27.44,128.06,182.94,54.88,0.03,0.08,0.06,440.0,716.0,41.5469,41.55,4.24,169.0,717.27,,,,,,,,
1988-06,27.44,128.06,182.94,54.88,0.03,0.08,0.06,440.0,716.0,41.5469,41.55,4.34,169.0,733.76,,,,,,,,
1988-07,27.44,128.06,182.94,54.88,0.03,0.08,0.06,440.0,716.0,41.5469,41.55,4.38,169.0,740.97,,,,,,,,
1988-08,27.44,128.06,182.94,54.88,0.03,0.08,0.06,440.0,716.0,41.5469,41.55,4.38,169.0,740.97,,,,,,,,
1988-09,27.44,128.06,182.94,54.88,0.03,0.08,0.06,440.0,716.0,41.9585,41.96,4.38,169.0,740.97,,,,,,,,
1988-10,27.44,128.06,182.94,54.88,0.03,0.08,0.06,442.0,716.0,41.9585,41.96,4.38,169.0,740.97,,,,,,,,
1988-11,27.44,128.06,182.94,54.88,0.03,0.08,0.06,442.0,716.0,41.9585,41.96,4.38,169.0,740.97,,,,,,,,
1988-12,27.44,128.06,182.94,54.88,0.03,0.08,0.06,442.0,716.0,41.9585,41.96,4.38,169.0,740.97,,,,,,,,
1989-01,27.44,128.06,182.94,54.88,0.03,0.08,0.06,442.0,716.0,41.9585,41.96,4.38,169.0,740.97,,,,,,,,
1989-02,27.44,128.06,182.94,54.88,0.03,0.08,0.06,442.0,716.0,41.9585,41.96,4.38,169.0,740.97,,,,,,,,
1989-03,27.44,128.06,182.94,54.88,0.03,0.08,0.06,442.0,716.0,42.3778,42.38,4.48,169.0,756.43,,,,,,,,
1989-04,27.44,128.06,182.94,54.88,0.03,0.08,0.06,442.0,716.0,42.3778,42.38,4.48,169.0,756.43,,,,,,,,
1989-05,27.44,128.06,182.94,54.88,0.03,0.08,0.06,442.0,716.0,42.3778,42.38,4.48,169.0,756.43,,,,,,,,
1989-06,27.44,128.06,182.94,54.88,0.03,0.08,0.06,442.0,716.0,42.3778,42.38,4.48,169.0,756.43,,,,,,,,
1989-07,27.44,128.06,182.94,54.88,0.03,0.08,0.06,442.0,716.0,42.3778,42.38,4.56,169.0,770.6,,,,,,,,
1989-08,27.44,128.06,182.94,54.88,0.03,0.08,0.06,442.0,716.0,42.3778,42.38,4.56,169.0,770.6,,,,,,,,
1989-09,27.44,128.06,182.94,54.88,0.03,0.08,0.06,442.0,716.0,42.8824,42.88,4.56,169.0,770.6,,,,,,,,
1989-10,27.44,128.06,182.94,54.88,0.03,0.08,0.06,442.0,716.0,42.8824,42.88,4.56,169.0,770.6,,,,,,,,
1989-11,27.44,128.06,182.94,54.88,0.03,0.08,0.06,442.0,716.0,42.8824,42.88,4.56,169.0,770.6,,,,,,,,
1989-12,27.44,128.06,182.94,54.88,0.03,0.08,0.06,442.0,716.0,42.8824,42.88,4.56,169.0,770.6,,,,,,,,
1990-01,27.44,128.06,182.94,54.88,0.03,0.08,0.06,444.0,716.0,43.0973,43.1,4.56,169.0,770.6,,,,,,,,
1990-02,27.44,128.06,182.94,54.88,0.03,0.08,0.06,443.0,716.0,43.0973,43.1,4.56,169.0,770.6,,,,,,,,
1990-03,27.44,128.06,182.94,54.88,0.03,0.08,0.06,443.0,716.0,43.0973,43.1,4.56,169.0,770.6,,,,,,,,
1990-04,27.44,128.06,182.94,54.88,0.03,0.08,0.06,443.0,716.0,43.6111,43.61,4.65,169.0,786.06,,,,,,,,
1990-05,27.44,128.06,182.94,54.88,0.03,0.08,0.06,443.0,716.0,43.6111,43.61,4.65,169.0,786.06,,,,,,,,
1990-06,27.44,128.06,182.94,54.88,0.03,0.08,0.06,443.0,716.0,43.6111,43.61,4.65,169.0,786.06,,,,,,,,
1990-07,27.44,128.06,182.94,54.88,0.03,0.08,0.06,443.0,716.0,43.6111,43.61,4.77,169.0,805.89,,,,,,,,
1990-08,27.44,128.06,182.94,54.88,0.03,0.08,0.06,443.0,716.0,43.6111,43.61,4.77,169.0,805.89,,,,,,,,
1990-09,27.44,128.06,182.94,54.88,0.03,0.08,0.06,443.0,716.0,43.6111,43.61,4.77,169.0,805.89,,,,,,,,
1990-10,27.44,128.06,182.94,54.88,0.03,0.08,0.06,443.0,716.0,43.6111,43.61,4.77,169.0,805.89,,,,,,,,
1990-11,27.44,128.06,182.94,54.88,0.03,0.08,0.06,443.0,716.0,43.6111,43.61,4.77,169.0,805.89,,,,,,,,
1990-12,27.44,128.06,182.94,54.88,0.03,0.08,0.06,443.0,716.0,44.1691,44.17,4.87,169.0,822.9,,,,,,,,
1991-01,27.44,128.06,182.94,54.88,0.03,0.08,0.06,443.0,716.0,44.1691,44.17,4.87,169.0,822.9,,,,,,,,
1991-02,27.44,128.06,182.94,54.88,0.03,0.08,0.06,443.0,716.0,44.1691,44.17,4.87,169.0,822.9,,,,,,,,
1991-03,27.44,128.06,182.94,54.88,0.03,0.08,0.06,443.0,716.0,44.1691,44.17,4.87,169.0,822.9,,,,,,,,
1991-04,27.44,128.06,182.94,54.88,0.03,0.08,0.06,443.0,716.0,44.1691,44.17,4.87,169.0,822.9,,,,,,,,
1991-05,27.44,128.06,182.94,54.88,0.03,0.08,0.06,443.0,716.0,44.1691,44.17,4.87,169.0,822.9,,,,,,,,
1991-06,27.44,128.06,182.94,54.88,0.03,0.08,0.06,443.0,716.0,44.1691,44.17,4.87,169.0,822.9,,,,,,,,
1991-07,27.44,128.06,182.94,54.88,0.03,0.08,0.06,443.0,716.0,44.1691,44.17,4.98,169.0,841.45,,,,,,,,
1991-08,27.44,128.06,182.94,54.88,0.03,0.08,0.06,446.0,716.0,44.3901,44.39,4.98,169.0,841.45,,,,,,,,
1991-09,27.44,128.06,182.94,54.88,0.03,0.08,0.06,446.0,716.0,44.3901,44.39,4.98,169.0,841.45,,,,,,,,
1991-10,27.44,128.06,182.94,54.88,0.03,0.08,0.06,446.0,716.0,44.3901,44.39,4.98,169.0,841.45,,,,,,,,
1991-11,27.44,128.06,182.94,54.88,0.03,0.08,0.06,446.0,716.0,44.8322,44.83,4.98,169.0,841.45,,,,,,,,
1991-12,27.44,128.06,182.94,54.88,0.03,0.08,0.06,446.0,716.0,44.8322,44.83,4.98,169.0,841.45,,,,,,,,
1992-01,27.44,128.06,182.94,54.88,0.03,0.08,0.06,446.0,716.0,44.8322,44.83,4.98,169.0,841.45,,,,,,,,
1992-02,27.44,128.06,182.94,54.88,0.03,0.08,0.06,446.0,716.0,45.4054,45.41,4.98,169.0,841.45,,,,,,,,
1992-03,27.44,128.06,182.94,54.88,0.03,0.08,0.06,446.0,716.0,45.4054,45.41,5.08,169.0,858.19,,,,,,,,
1992-04,27.44,128.06,182.94,54.88,0.03,0.08,0.06,446.0,716.0,45.4054,45.41,5.08,169.0,858.19,,,,,,,,
1992-05,27.44,128.06,182.94,54.88,0.03,0.08,0.06,446.0,716.0,45.4054,45.41,5.08,169.0,858.19,,,,,,,,
1992-06,27.44,128.06,182.94,54.88,0.03,0.08,0.06,446.0,716.0,45.4054,45.41,5.08,169.0,858.19,,,,,,,,
1992-07,27.44,128.06,182.94,54.88,0.03,0.08,0.06,446.0,716.0,45.4054,45.41,5.19,169.0,877.52,,,,,,,,
1992-08,27.44,128.06,182.94,54.88,0.03,0.08,0.06,446.0,716.0,45.4054,45.41,5.19,169.0,877.52,,,,,,,,
1992-09,27.44,128.06,182.94,54.88,0.03,0.08,0.06,446.0,716.0,45.4054,45.41,5.19,169.0,877.52,,,,,,,,
1992-10,27.44,128.06,182.94,54.88,0.03,0.08,0.06,446.0,716.0,46.0244,46.02,5.19,169.0,877.52,,,,,,,,
1992-11,27.44,128.06,182.94,54.88,0.03,0.08,0.06,446.0,716.0,46.0244,46.02,5.19,169.0,877.52,,,,,,,,
1992-12,27.44,128.06,182.94,54.88,0.03,0.08,0.06,446.0,716.0,46.0244,46.02,5.19,169.0,877.52,,,,,,,,
1993-01,27.44,128.06,182.94,54.88,0.03,0.08,0.06,446.0,716.0,46.0244,46.02,5.19,169.0,877.52,,,,,,,,
1993-02,27.44,128.06,182.94,54.88,0.03,0.08,0.06,446.0,716.0,46.8186,46.82,5.19,169.0,877.52,,,,,,,,
1993-03,27.44,128.06,182.94,54.88,0.03,0.08,0.06,446.0,716.0,46.8186,46.82,5.19,169.0,877.52,,,,,,,,
1993-04,27.44,128.06,182.94,54.88,0.03,0.08,0.06,446.0,716.0,46.8186,46.82,5.19,169.0,877.52,,,,,,,,
1993-05,27.44,128.06,182.94,54.88,0.03,0.08,0.06,446.0,716.0,46.8186,46.82,5.19,169.0,877.52,,,,,,,,
1993-06,27.44,128.06,182.94,54.88,0.03,0.08,0.06,446.0,716.0,46.8186,46.82,5.19,169.0,877.52,,,,,,,,
1993-07,27.44,128.06,182.94,54.88,0.03,0.08,0.06,446.0,716.0,46.8186,46.82,5.31,169.0,897.36,,,,,,,,
1993-08,27.44,128.06,182.94,54.88,0.03,0.08,0.06,446.0,716.0,46.8186,46.82,5.31,169.0,897.36,,,,,,,,
1993-09,27.44,128.06,182.94,54.88,0.03,0.08,0.06,446.0,716.0,46.8186,46.82,5.31,169.0,897.36,,,,,,,,
1993-10,27.44,128.06,182.94,54.88,0.03,0.08,0.06,446.0,716.0,46.8186,46.82,5.31,169.0,897.36,,,,,,,,
1993-11,27.44,128.06,182.94,54.88,0.03,0.08,0.06,446.0,716.0,46.8186,46.82,5.31,169.0,897.36,,,,,,,,
1993-12,27.44,128.06,182.94,54.88,0.03,0.08,0.06,446.0,716.0,46.8186,46.82,5.31,169.0,897.36,,,,,,,,
1994-01,27.44,128.06,182.94,54.88,0.03,0.08,0.06,446.0,716.0,47.2165,47.22,5.31,169.0,897.36,,,,,,,,
1994-02,27.44,128.06,182.94,54.88,0.03,0.08,0.06,446.0,716.0,47.2165,47.22,5.31,169.0,897.36,,,,,,,,
1994-03,27.44,128.06,182.94,54.88,0.03,0.08,0.06,446.0,716.0,47.2165,47.22,5.31,169.0,897.36,,,,,,,,
1994-04,27.44,128.06,182.94,54.88,0.03,0.08,0.06,446.0,716.0,47.2165,47.22,5.31,169.0,897.36,,,,,,,,
1994-05,27.44,128.06,182.94,54.88,0.03,0.08,0.06,446.0,716.0,47.2165,47.22,5.31,169.0,897.36,,,,,,,,
1994-06,27.44,128.06,182.94,54.88,0.03,0.08,0.06,446.0,716.0,47.2165,47.22,5.31,169.0,897.36,,,,,,,,
1994-07,27.44,128.06,182.94,54.88,0.03,0.08,0.06,446.0,716.0,47.2165,47.22,5.42,169.0,916.16,,,,,,,,
1994-08,27.44,128.06,182.94,54.88,0.03,0.08,0.06,446.0,716.0,47.45205,47.45,5.42,169.0,916.16,,,,,,,,
1994-09,27.44,128.06,182.94,54.88,0.03,0.08,0.06,446.0,716.0,47.45205,47.45,5.42,169.0,916.16,,,,,,,,
1994-10,27.44,128.06,182.94,54.88,0.03,0.08,0.06,446.0,716.0,47.45205,47.45,5.42,169.0,916.16,,,,,,,,
1994-11,27.44,128.06,182.94,54.88,0.03,0.08,0.06,446.0,716.0,47.45205,47.45,5.42,169.0,916.16,,,,,,,,
1994-12,27.44,128.06,182.94,54.88,0.03,0.08,0.06,446.0,716.0,47.9025,47.9,5.42,169.0,916.16,,,,,,,,
1995-01,27.44,128.06,182.94,54.88,0.03,0.08,0.06,446.0,716.0,47.9025,47.9,5.42,169.0,916.16,,,,,,,,
1995-02,27.44,128.06,182.94,54.88,0.03,0.08,0.06,446.0,716.0,47.9025,47.9,5.42,169.0,916.16,,,,,,,,
1995-03,27.44,128.06,182.94,54.88,0.03,0.08,0.06,446.0,716.0,48.4773,48.48,5.42,169.0,916.16,,,,,,,,
1995-04,27.44,128.06,182.94,54.88,0.03,0.08,0.06,446.0,716.0,48.4773,48.48,5.42,169.0,916.16,,,,,,,,
1995-05,27.44,128.06,182.94,54.88,0.03,0.08,0.06,446.0,716.0,48.4773,48.48,5.42,169.0,916.16,,,,,,,,
1995-06,27.44,128.06,182.94,54.88,0.03,0.08,0.06,446.0,716.0,48.4773,48.48,5.42,169.0,916.16,,,,,,,,
1995-07,27.44,128.06,182.94,54.88,0.03,0.08,0.06,446.0,716.0,48.4773,48.48,5.64,169.0,952.75,,,,,,,,
1995-08,27.44,128.06,182.94,54.88,0.03,0.08,0.06,446.0,716.0,48.4773,48.48,5.64,169.0,952.75,,,,,,,,
1995-09,27.44,128.06,182.94,54.88,0.03,0.08,0.06,446.0,716.0,48.4773,48.48,5.64,169.0,952.75,,,,,,,,
1995-10,27.44,128.06,182.94,54.88,0.03,0.08,0.06,446.0,716.0,48.4773,48.48,5.64,169.0,952.75,,,,,,,,
1995-11,27.44,128.06,182.94,54.88,0.03,0.08,0.06,446.0,716.0,49.1557,49.16,5.64,169.0,952.75,,,,,,,,
1995-12,27.44,128.06,182.94,54.88,0.03,0.08,0.06,446.0,716.0,49.1557,49.16,5.64,169.0,952.75,,,,,,,,
1996-01,27.44,128.06,182.94,54.88,0.03,0.08,0.06,446.0,716.0,49.1557,49.16,5.64,169.0,952.75,,,,,,,,
1996-02,27.44,128.06,182.94,54.88,0.03,0.08,0.06,446.0,716.0,49.1557,49.16,5.64,169.0,952.75,,,,,,,,
1996-03,27.44,128.06,182.94,54.88,0.03,0.08,0.06,446.0,716.0,49.1557,49.16,5.64,169.0,952.75,,,,,,,,
1996-04,27.44,128.06,182.94,54.88,0.03,0.08,0.06,446.0,716.0,49.1557,49.16,5.64,169.0,952.75,,,,,,,,
1996-05,27.44,128.06,182.94,54.88,0.03,0.08,0.06,446.0,716.0,49.1557,49.16,5.75,169.0,971.81,,,,,,,,
1996-06,27.44,128.06,182.94,54.88,0.03,0.08,0.06,446.0,716.0,49.1557,49.16,5.75,169.0,971.81,,,,,,,,
1996-07,27.44,128.06,182.94,54.88,0.03,0.08,0.06,446.0,716.0,49.1557,49.16,5.78,169.0,976.71,,,,,,,,
1996-08,27.44,128.06,182.94,54.88,0.03,0.08,0.06,446.0,716.0,49.1557,49.16,5.78,169.0,976.71,,,,,,,,
1996-09,27.44,128.06,182.94,54.88,0.03,0.08,0.06,446.0,716.0,49.1557,49.16,5.78,169.0,976.71,,,,,,,,
1996-10,27.44,128.06,182.94,54.88,0.03,0.08,0.06,446.0,716.0,49.1557,49.16,5.78,169.0,976.71,,,,,,,,
1996-11,27.44,128.06,182.94,54.88,0.03,0.08,0.06,446.0,716.0,49.1557,49.16,5.78,169.0,976.71,,,,,,,,
1996-12,27.44,128.06,182.94,54.88,0.03,0.08,0.06,446.0,716.0,49.1557,49.16,5.78,169.0,976.71,,,,,,,,
1997-01,27.44,128.06,182.94,54.88,0.03,0.08,0.06,446.0,716.0,49.1557,49.16,5.78,169.0,976.71,,,,,,,,
1997-02,27.44,128.06,182.94,54.88,0.03,0.08,0.06,446.0,716.0,49.1557,49.16,5.78,169.0,976.71,,,,,,,,
1997-03,27.44,128.06,182.94,54.88,0.03,0.08,0.06,446.0,716.0,49.4011,49.4,5.78,169.0,976.71,,,,,,,,
1997-04,27.44,128.06,182.94,54.88,0.03,0.08,0.06,446.0,716.0,49.4011,49.4,5.78,169.0,976.71,,,,,,,,
1997-05,27.44,128.06,182.94,54.88,0.03,0.08,0.06,446.0,716.0,49.4011,49.4,5.78,169.0,976.71,,,,,,,,
1997-06,27.44,128.06,182.94,54.88,0.03,0.08,0.06,446.0,716.0,49.4011,49.4,5.78,169.0,976.71,,,,,,,,
1997-07,27.44,128.06,182.94,54.88,0.03,0.08,0.06,446.0,716.0,49.4011,49.4,6.01,169.0,1015.87,,,,,,,,
1997-08,27.44,128.06,182.94,54.88,0.03,0.08,0.06,446.0,716.0,49.4011,49.4,6.01,169.0,1015.87,,,,,,,,
1997-09,27.44,128.06,182.94,54.88,0.03,0.08,0.06,446.0,716.0,49.4011,49.4,6.01,169.0,1015.87,,,,,,,,
1997-10,27.44,128.06,182.94,54.88,0.03,0.08,0.06,446.0,716.0,49.648,49.65,6.01,169.0,1015.87,,,,,,,,
1997-11,27.44,128.06,182.94,54.88,0.03,0.08,0.06,446.0,716.0,49.648,49.65,6.01,169.0,1015.87,,,,,,,,
1997-12,27.44,128.06,182.94,54.88,0.03,0.08,0.06,446.0,716.0,49.648,49.65,6.01,169.0,1015.87,,,,,,,,
1998-01,27.44,128.06,182.94,54.88,0.03,0.08,0.06,446.0,716.0,49.648,49.65,6.01,169.0,1015.87,,,,,,,,
1998-02,27.44,128.06,182.94,54.88,0.03,0.08,0.06,446.0,716.0,49.648,49.65,6.01,169.0,1015.87,,,,,,,,
1998-03,27.44,128.06,182.94,54.88,0.03,0.08,0.06,446.0,716.0,49.648,49.65,6.01,169.0,1015.87,,,,,,,,
1998-04,27.44,128.06,182.94,54.88,0.03,0.08,0.06,446.0,716.0,50.0459,50.05,6.01,169.0,1015.87,,,,,,,,
1998-05,27.44,128.06,182.94,54.88,0.03,0.08,0.06,446.0,716.0,50.0459,50.05,6.01,169.0,1015.87,,,,,,,,
1998-06,27.44,128.06,182.94,54.88,0.03,0.08,0.06,446.0,716.0,50.0459,50.05,6.01,169.0,1015.87,,,,,,,,
1998-07,27.44,128.06,182.94,54.88,0.03,0.08,0.06,446.0,716.0,50.0459,50.05,6.13,169.0,1036.22,,,,,,,,
1998-08,27.44,128.06,182.94,54.88,0.03,0.08,0.06,446.0,716.0,50.0459,50.05,6.13,169.0,1036.22,,,,,,,,
1998-09,27.44,128.06,182.94,54.88,0.03,0.08,0.06,446.0,716.0,50.0459,50.05,6.13,169.0,1036.22,,,,,,,,
1998-10,27.44,128.06,182.94,54.88,0.03,0.08,0.06,446.0,716.0,50.0459,50.05,6.13,169.0,1036.22,,,,,,,,
1998-11,27.44,128.06,182.94,54.88,0.03,0.08,0.06,446.0,716.0,50.2929,50.29,6.13,169.0,1036.22,,,,,,,,
1998-12,27.44,128.06,182.94,54.88,0.03,0.08,0.06,446.0,716.0,50.2929,50.29,6.13,169.0,1036.22,,,,,,,,
1999-01,27.44,128.06,182.94,54.88,0.03,0.08,0.06,446.0,716.0,50.2929,50.29,6.13,169.0,1036.22,,,,,,,,
1999-02,27.44,128.06,182.94,54.88,0.03,0.08,0.06,446.0,716.0,50.2929,50.29,6.13,169.0,1036.22,,,,,,,,
1999-03,27.44,128.06,182.94,54.88,0.03,0.08,0.06,446.0,716.0,50.2929,50.29,6.13,169.0,1036.22,,,,,,,,
1999-04,27.44,128.06,182.94,54.88,0.03,0.08,0.06,447.0,716.0,50.5444,50.54,6.13,169.0,1036.22,,,,,,,,
1999-05,27.44,128.06,182.94,54.88,0.03,0.08,0.06,447.0,716.0,50.5444,50.54,6.13,169.0,1036.22,,,,,,,,
1999-06,27.44,128.06,182.94,54.88,0.03,0.08,0.06,447.0,716.0,50.5444,50.54,6.13,169.0,1036.22,,,,,,,,
1999-07,27.44,128.06,182.94,54.88,0.03,0.08,0.06,447.0,716.0,50.5444,50.54,6.21,169.0,1049.11,,,,,,,,
1999-08,27.44,128.06,182.94,54.88,0.03,0.08,0.06,447.0,716.0,50.5444,50.54,6.21,169.0,1049.11,,,,,,,,
1999-09,27.44,128.06,182.94,54.88,0.03,0.08,0.06,447.0,716.0,50.5444,50.54,6.21,169.0,1049.11,,,,,,,,
1999-10,27.44,128.06,182.94,54.88,0.03,0.08,0.06,447.0,716.0,50.5444,50.54,6.21,169.0,1049.11,,,,,,,,
1999-11,27.44,128.06,182.94,54.88,0.03,0.08,0.06,447.0,716.0,50.5444,50.54,6.21,169.0,1049.11,,,,,,,,
1999-12,27.44,128.06,182.94,54.88,0.03,0.08,0.06,447.0,716.0,50.9469,50.95,6.21,169.0,1049.11,,,,,,,,
2000-01,27.44,128.06,182.94,54.88,0.03,0.08,0.06,447.0,716.0,50.9469,50.95,6.21,169.0,1049.11,1036.22,1049.11,,,,,,
2000-02,27.44,128.06,182.94,54.88,0.03,0.08,0.06,447.0,716.0,50.9469,50.95,6.21,169.0,1049.11,1036.22,1049.11,,,,,,
2000-03,27.44,128.06,182.94,54.88,0.03,0.08,0.06,447.0,716.0,50.9469,50.95,6.21,169.0,1049.11,1036.22,1049.11,,,,,,
2000-04,27.44,128.06,182.94,54.88,0.03,0.08,0.06,447.0,716.0,50.9469,50.95,6.21,169.0,1049.11,1036.22,1049.11,,,,,,
2000-05,27.44,128.06,182.94,54.88,0.03,0.08,0.06,447.0,716.0,50.9469,50.95,6.21,169.0,1049.11,1036.22,1049.11,,,,,,
2000-06,27.44,128.06,182.94,54.88,0.03,0.08,0.06,447.0,716.0,50.9469,50.95,6.21,169.0,1049.11,1036.22,1049.11,,,,,,
2000-07,27.44,128.06,182.94,54.88,0.03,0.08,0.06,447.0,716.0,50.9469,50.95,6.41,169.0,1082.6,1051.25,1064.32,1082.6,,,,,
2000-08,27.44,128.06,182.94,54.88,0.03,0.08,0.06,447.0,716.0,50.9469,50.95,6.41,169.0,1082.6,1051.25,1064.32,1082.6,,,,,
2000-09,27.44,128.06,182.94,54.88,0.03,0.08,0.06,447.0,716.0,50.9469,50.95,6.41,169.0,1082.6,1051.25,1064.32,1082.6,,,,,
2000-10,27.44,128.06,182.94,54.88,0.03,0.08,0.06,447.0,716.0,50.9469,50.95,6.41,169.0,1082.6,1051.25,1064.32,1082.6,,,,,
2000-11,27.44,128.06,182.94,54.88,0.03,0.08,0.06,447.0,716.0,50.9469,50.95,6.41,169.0,1082.6,1051.25,1064.32,1082.6,,,,,
2000-12,27.44,128.06,182.94,54.88,0.03,0.08,0.06,447.0,716.0,51.2015,51.2,6.41,169.0,1082.6,1051.25,1064.32,1082.6,,,,,
2001-01,27.44,128.06,182.94,54.88,0.03,0.08,0.06,447.0,716.0,51.2015,51.2,6.41,169.0,1082.6,1051.25,1064.32,1082.6,,,,,
2001-02,27.44,128.06,182.94,54.88,0.03,0.08,0.06,447.0,716.0,51.2015,51.2,6.41,169.0,1082.6,1051.25,1064.32,1082.6,,,,,
2001-03,27.44,128.06,182.94,54.88,0.03,0.08,0.06,447.0,716.0,51.2015,51.2,6.41,169.0,1082.6,1051.25,1064.32,1082.6,,,,,
2001-04,27.44,128.06,182.94,54.88,0.03,0.08,0.06,447.0,716.0,51.2015,51.2,6.41,169.0,1082.6,1051.25,1064.32,1082.6,,,,,
2001-05,27.44,128.06,182.94,54.88,0.03,0.08,0.06,447.0,716.0,51.4576,51.46,6.41,169.0,1082.6,1051.25,1064.32,1082.6,,,,,
2001-06,27.44,128.06,182.94,54.88,0.03,0.08,0.06,447.0,716.0,51.4576,51.46,6.41,169.0,1082.6,1051.25,1064.32,1082.6,,,,,
2001-07,27.44,128.06,182.94,54.88,0.03,0.08,0.06,447.0,716.0,51.4576,51.46,6.67,151.67,1010.89,1081.21,1094.71,1113.48,1126.4,,,,
2001-08,27.44,128.06,182.94,54.88,0.03,0.08,0.06,447.0,716.0,51.4576,51.46,6.67,151.67,1010.89,1081.21,1094.71,1113.48,1126.4,,,,
2001-09,27.44,128.06,182.94,54.88,0.03,0.08,0.06,447.0,716.0,51.4576,51.46,6.67,151.67,1010.89,1081.21,1094.71,1113.48,1126.4,,,,
2001-10,27.44,128.06,182.94,54.88,0.03,0.08,0.06,447.0,716.0,51.4576,51.46,6.67,151.67,1010.89,1081.21,1094.71,1113.48,1126.4,,,,
2001-11,27.44,128.06,182.94,54.88,0.03,0.08,0.06,447.0,716.0,51.8174,51.82,6.67,151.67,1010.89,1081.21,1094.71,1113.48,1126.4,,,,
2001-12,27.44,128.06,182.94,54.88,0.03,0.08,0.06,447.0,716.0,51.8174,51.82,6.67,151.67,1010.89,1081.21,1094.71,1113.48,1126.4,,,,
2002-01,0.35,1.63,2.32,0.7,0.03,0.08,0.06,448.0,716.0,51.8174,51.82,1.02,151.67,154.22,164.84,166.88,169.74,171.85,,,,
2002-02,0.35,1.63,2.32,0.7,0.03,0.08,0.06,448.0,716.0,51.8174,51.82,1.02,151.67,154.22,164.84,166.88,169.74,171.85,,,,
2002-03,0.35,1.63,2.32,0.7,0.03,0.08,0.06,448.0,716.0,52.1284,7.95,1.02,151.67,154.22,164.84,166.88,169.74,171.85,,,,
2002-04,0.35,1.63,2.32,0.7,0.03,0.08,0.06,448.0,716.0,52.1284,7.95,1.02,151.67,154.22,164.84,166.88,169.74,171.85,,,,
2002-05,0.35,1.63,2.32,0.7,0.03,0.08,0.06,448.0,716.0,52.1284,7.95,1.02,151.67,154.22,164.84,166.88,169.74,171.85,,,,
2002-06,0.35,1.63,2.32,0.7,0.03,0.08,0.06,448.0,716.0,52.1284,7.95,1.02,151.67,154.22,164.84,166.88,169.74,171.85,,,,
2002-07,0.35,1.63,2.32,0.7,0.03,0.08,0.06,448.0,716.0,52.1284,7.95,1.04,151.67,157.92,167.8,169.88,172.8,174.94,1154.27,,,
2002-08,0.35,1.63,2.32,0.7,0.03,0.08,0.06,448.0,716.0,52.1284,7.95,1.04,151.67,157.92,167.8,169.88,172.8,174.94,1154.27,,,
2002-09,0.35,1.63,2.32,0.7,0.03,0.08,0.06,448.0,716.0,52.1284,7.95,1.04,151.67,157.92,167.8,169.88,172.8,174.94,1154.27,,,
2002-10,0.35,1.63,2.32,0.7,0.03,0.08,0.06,448.0,716.0,52.1284,7.95,1.04,151.67,157.92,167.8,169.88,172.8,174.94,1154.27,,,
2002-11,0.35,1.63,2.32,0.7,0.03,0.08,0.06,448.0,716.0,52.1284,7.95,1.04,151.67,157.92,167.8,169.88,172.8,174.94,1154.27,,,
2002-12,0.35,1.63,2.32,0.7,0.03,0.08,0.06,448.0,716.0,52.4933,8.0,1.04,151.67,157.92,167.8,169.88,172.8,174.94,1154.27,,,
2003-01,0.35,1.63,2.32,0.7,0.03,0.08,0.06,448.0,716.0,52.4933,8.0,1.04,151.67,157.92,167.8,169.88,172.8,174.94,1154.27,,,
2003-02,0.35,1.63,2.32,0.7,0.03,0.08,0.06,448.0,716.0,52.4933,8.0,1.04,151.67,157.92,167.8,169.88,172.8,174.94,1154.27,,,
2003-03,0.35,1.63,2.32,0.7,0.03,0.08,0.06,448.0,716.0,52.4933,8.0,1.04,151.67,157.92,167.8,169.88,172.8,174.94,1154.27,,,
2003-04,0.35,1.63,2.32,0.7,0.03,0.08,0.06,448.0,716.0,52.4933,8.0,1.04,151.67,157.92,167.8,169.88,172.8,174.94,1154.27,,,
2003-05,0.35,1.63,2.32,0.7,0.03,0.08,0.06,448.0,716.0,52.4933,8.0,1.04,151.67,157.92,167.8,169.88,172.8,174.94,1154.27,,,
2003-06,0.35,1.63,2.32,0.7,0.03,0.08,0.06,448.0,716.0,52.4933,8.0,1.04,151.67,157.92,167.8,169.88,172.8,174.94,1154.27,,,
2003-07,0.35,1.63,2.32,0.7,0.03,0.08,0.06,448.0,716.0,52.4933,8.0,1.1,151.67,166.25,173.2,174.64,176.62,178.08,1172.74,,,
2003-08,0.35,1.63,2.32,0.7,0.03,0.08,0.06,448.0,716.0,52.4933,8.0,1.1,151.67,166.25,173.2,174.64,176.62,178.08,1172.74,,,
2003-09,0.35,1.63,2.32,0.7,0.03,0.08,0.06,448.0,716.0,52.4933,8.0,1.1,151.67,166.25,173.2,174.64,176.62,178.08,1172.74,,,
2003-10,0.35,1.63,2.32,0.7,0.03,0.08,0.06,448.0,716.0,52.4933,8.0,1.1,151.67,166.25,173.2,174.64,176.62,178.08,1172.74,,,
2003-11,0.35,1.63,2.32,0.7,0.03,0.08,0.06,448.0,716.0,52.4933,8.0,1.1,151.67,166.25,173.2,174.64,176.62,178.08,1172.74,,,
2003-12,0.35,1.63,2.32,0.7,0.03,0.08,0.06,448.0,716.0,52.4933,8.0,1.1,151.67,166.25,173.2,174.64,176.62,178.08,1172.74,,,
2004-01,0.35,1.63,2.32,0.7,0.03,0.08,0.06,448.0,716.0,52.7558,8.04,1.1,151.67,166.25,173.2,174.64,176.62,178.08,1172.74,,,
2004-02,0.35,1.63,2.32,0.7,0.03,0.08,0.06,448.0,716.0,52.7558,8.04,1.1,151.67,166.25,173.2,174.64,176.62,178.08,1172.74,,,
2004-03,0.35,1.63,2.32,0.7,0.03,0.08,0.06,448.0,716.0,52.7558,8.04,1.1,151.67,166.25,173.2,174.64,176.62,178.08,1172.74,,,
2004-04,0.35,1.63,2.32,0.7,0.03,0.08,0.06,448.0,716.0,52.7558,8.04,1.1,151.67,166.25,173.2,174.64,176.62,178.08,1172.74,,,
2004-05,0.35,1.63,2.32,0.7,0.03,0.08,0.06,448.0,716.0,52.7558,8.04,1.1,151.67,166.25,173.2,174.64,176.62,178.08,1172.74,,,
2004-06,0.35,1.63,2.32,0.7,0.03,0.08,0.06,448.0,716.0,52.7558,8.04,1.1,151.67,166.25,173.2,174.64,176.62,178.08,1172.74,,,
2004-07,0.35,1.63,2.32,0.7,0.03,0.08,0.06,448.0,716.0,52.7558,8.04,1.16,151.67,175.96,179.67,180.41,181.44,182.18,1197.37,,,
2004-08,0.35,1.63,2.32,0.7,0.03,0.08,0.06,448.0,716.0,52.7558,8.04,1.16,151.67,175.96,179.67,180.41,181.44,182.18,1197.37,,,
2004-09,0.35,1.63,2.32,0.7,0.03,0.08,0.06,448.0,716.0,52.7558,8.04,1.16,151.67,175.96,179.67,180.41,181.44,182.18,1197.37,,,
2004-10,0.35,1.63,2.32,0.7,0.03,0.08,0.06,448.0,716.0,52.7558,8.04,1.16,151.67,175.96,179.67,180.41,181.44,182.18,1197.37,,,
2004-11,0.35,1.63,2.32,0.7,0.03,0.08,0.06,448.0,716.0,52.7558,8.04,1.16,151.67,175.96,179.67,180.41,181.44,182.18,1197.37,,,
2004-12,0.35,1.63,2.32,0.7,0.03,0.08,0.06,448.0,716.0,52.7558,8.04,1.16,151.67,175.96,179.67,180.41,181.44,182.18,1197.37,,,
2005-01,0.35,1.63,2.32,0.7,0.03,0.08,0.06,448.0,716.0,52.7558,8.04,1.16,151.67,175.96,179.67,180.41,181.44,182.18,1197.37,,,
2005-02,0.35,1.63,2.32,0.7,0.03,0.08,0.06,448.0,716.0,53.0196,8.08,1.16,151.67,175.96,179.67,180.41,181.44,182.18,1197.37,,,
2005-03,0.35,1.63,2.32,0.7,0.03,0.08,0.06,448.0,716.0,53.0196,8.08,1.16,151.67,175.96,179.67,180.41,181.44,182.18,1197.37,,,
2005-04,0.35,1.63,2.32,0.7,0.03,0.08,0.06,448.0,716.0,53.0196,8.08,1.16,151.67,175.96,179.67,180.41,181.44,182.18,1197.37,,,
2005-05,0.35,1.63,2.32,0.7,0.03,0.08,0.06,448.0,716.0,53.0196,8.08,1.16,151.67,175.96,179.67,180.41,181.44,182.18,1197.37,,,
2005-06,0.35,1.63,2.32,0.7,0.03,0.08,0.06,448.0,716.0,53.0196,8.08,1.16,151.67,175.96,179.67,180.41,181.44,182.18,1197.37,,,
2005-07,0.35,1.63,2.32,0.7,0.03,0.08,0.06,448.0,716.0,53.2847,8.12,1.22,151.67,185.67,179.67,180.41,181.44,182.18,1197.37,,,
2005-08,0.35,1.63,2.32,0.7,0.03,0.08,0.06,448.0,716.0,53.2847,8.12,1.22,151.67,185.67,179.67,180.41,181.44,182.18,1197.37,,,
2005-09,0.35,1.63,2.32,0.7,0.03,0.08,0.06,448.0,716.0,53.2847,8.12,1.22,151.67,185.67,179.67,180.41,181.44,182.18,1197.37,,,
2005-10,0.35,1.63,2.32,0.7,0.03,0.08,0.06,448.0,716.0,53.2847,8.12,1.22,151.67,185.67,179.67,180.41,181.44,182.18,1197.37,,,
2005-11,0.35,1.63,2.32,0.7,0.03,0.08,0.06,448.0,716.0,53.711,8.19,1.22,151.67,185.67,179.67,180.41,181.44,182.18,1197.37,,,
2005-12,0.35,1.63,2.32,0.7,0.03,0.08,0.06,448.0,716.0,53.711,8.19,1.22,151.67,185.67,179.67,180.41,181.44,182.18,1197.37,,,
2006-01,0.35,1.63,2.32,0.7,0.03,0.08,0.06,448.0,716.0,53.711,8.19,1.22,151.67,185.67,179.67,180.41,181.44,182.18,1197.37,,,
2006-02,0.35,1.63,2.32,0.7,0.03,0.08,0.06,448.0,716.0,53.711,8.19,1.22,151.67,185.67,179.67,180.41,181.44,182.18,1197.37,,,
2006-03,0.35,1.63,2.32,0.7,0.03,0.08,0.06,448.0,716.0,53.711,8.19,1.22,151.67,185.67,179.67,180.41,181.44,182.18,1197.37,,,
2006-04,0.35,1.63,2.32,0.7,0.03,0.08,0.06,448.0,716.0,53.711,8.19,1.22,151.67,185.67,179.67,180.41,181.44,182.18,1197.37,,,
2006-05,0.35,1.63,2.32,0.7,0.03,0.08,0.06,448.0,716.0,53.711,8.19,1.22,151.67,185.67,179.67,180.41,181.44,182.18,1197.37,,,
2006-06,0.35,1.63,2.32,0.7,0.03,0.08,0.06,448.0,716.0,53.711,8.19,1.22,151.67,185.67,179.67,180.41,181.44,182.18,1197.37,,,
2006-07,0.35,1.63,2.32,0.7,0.03,0.08,0.06,448.0,716.0,53.9795,8.23,1.26,151.67,191.22,179.67,180.41,181.44,182.18,1197.37,,,
2006-08,0.35,1.63,2.32,0.7,0.03,0.08,0.06,448.0,716.0,53.9795,8.23,1.26,151.67,191.22,179.67,180.41,181.44,182.18,1197.37,,,
2006-09,0.35,1.63,2.32,0.7,0.03,0.08,0.06,448.0,716.0,53.9795,8.23,1.26,151.67,191.22,179.67,180.41,181.44,182.18,1197.37,,,
2006-10,0.35,1.63,2.32,0.7,0.03,0.08,0.06,448.0,716.0,53.9795,8.23,1.26,151.67,191.22,179.67,180.41,181.44,182.18,1197.37,,,
2006-11,0.35,1.63,2.32,0.7,0.03,0.08,0.06,449.0,717.0,53.9795,8.23,1.26,151.67,191.22,179.67,180.41,181.44,182.18,1197.37,,,
2006-12,0.35,1.63,2.32,0.7,0.03,0.08,0.06,449.0,717.0,53.9795,8.23,1.26,151.67,191.22,179.67,180.41,181.44,182.18,1197.37,,,
2007-01,0.35,1.63,2.32,0.7,0.03,0.08,0.06,449.0,717.0,53.9795,8.23,1.26,151.67,191.22,179.67,180.41,181.44,182.18,1197.37,,,
2007-02,0.35,1.63,2.32,0.7,0.03,0.08,0.06,449.0,717.0,54.4113,8.29,1.26,151.67,191.22,179.67,180.41,181.44,182.18,1197.37,,,
2007-03,0.35,1.63,2.32,0.7,0.03,0.08,0.06,449.0,717.0,54.4113,8.29,1.26,151.67,191.22,179.67,180.41,181.44,182.18,1197.37,,,
2007-04,0.35,1.63,2.32,0.7,0.03,0.08,0.06,449.0,717.0,54.4113,8.29,1.26,151.67,191.22,179.67,180.41,181.44,182.18,1197.37,,,
2007-05,0.35,1.63,2.32,0.7,0.03,0.08,0.06,449.0,717.0,54.4113,8.29,1.26,151.67,191.22,179.67,180.41,181.44,182.18,1197.37,,,
2007-06,0.35,1.63,2.32,0.7,0.03,0.08,0.06,449.0,717.0,54.4113,8.29,1.26,151.67,191.22,179.67,180.41,181.44,182.18,1197.37,,,
2007-07,0.35,1.63,2.32,0.7,0.03,0.08,0.06,449.0,717.0,54.4113,8.29,1.29,151.67,195.15,179.67,180.41,181.44,182.18,1197.37,,,
2007-08,0.35,1.63,2.32,0.7,0.03,0.08,0.06,449.0,717.0,54.4113,8.29,1.29,151.67,195.15,179.67,180.41,181.44,182.18,1197.37,,,
2007-09,0.35,1.63,2.32,0.7,0.03,0.08,0.06,449.0,717.0,54.4113,8.29,1.29,151.67,195.15,179.67,180.41,181.44,182.18,1197.37,,,
2007-10,0.35,1.63,2.32,0.7,0.03,0.08,0.06,449.0,717.0,54.4113,8.29,1.29,151.67,195.15,179.67,180.41,181.44,182.18,1197.37,,,
2007-11,0.35,1.63,2.32,0.7,0.03,0.08,0.06,449.0,717.0,54.4113,8.29,1.29,151.67,195.15,179.67,180.41,181.44,182.18,1197.37,,,
2007-12,0.35,1.63,2.32,0.7,0.03,0.08,0.06,449.0,717.0,54.4113,8.29,1.29,151.67,195.15,179.67,180.41,181.44,182.18,1197.37,,,
2008-01,0.35,1.63,2.32,0.7,0.03,0.08,0.06,449.0,717.0,54.4113,8.29,1.29,151.67,195.15,179.67,180.41,181.44,182.18,1197.37,,,
2008-02,0.35,1.63,2.32,0.7,0.03,0.08,0.06,449.0,717.0,54.4113,8.29,1.29,151.67,195.15,179.67,180.41,181.44,182.18,1197.37,,,
2008-03,0.35,1.63,2.32,0.7,0.03,0.08,0.06,449.0,717.0,54.6834,8.34,1.29,151.67,195.15,179.67,180.41,181.44,182.18,1197.37,,,
2008-04,0.35,1.63,2.32,0.7,0.03,0.08,0.06,449.0,717.0,54.6834,8.34,1.29,151.67,195.15,179.67,180.41,181.44,182.18,1197.37,,,
2008-05,0.35,1.63,2.32,0.7,0.03,0.08,0.06,449.0,717.0,54.6834,8.34,1.32,151.67,199.54,179.67,180.41,181.44,182.18,1197.37,,,
2008-06,0.35,1.63,2.32,0.7,0.03,0.08,0.06,449.0,717.0,54.6834,8.34,1.32,151.67,199.54,179.67,180.41,181.44,182.18,1197.37,,,
2008-07,0.35,1.63,2.32,0.7,0.03,0.08,0.06,449.0,717.0,54.6834,8.34,1.33,151.67,201.39,179.67,180.41,181.44,182.18,1197.37,,,
2008-08,0.35,1.63,2.32,0.7,0.03,0.08,0.06,449.0,717.0,54.6834,8.34,1.33,151.67,201.39,179.67,180.41,181.44,182.18,1197.37,,,
2008-09,0.35,1.63,2.32,0.7,0.03,0.08,0.06,449.0,717.0,54.6834,8.34,1.33,151.67,201.39,179.67,180.41,181.44,182.18,1197.37,,,
2008-10,0.35,1.63,2.32,0.7,0.03,0.08,0.06,449.0,717.0,54.8475,8.36,1.33,151.67,201.39,179.67,180.41,181.44,182.18,1197.37,,,
2008-11,0.35,1.63,2.32,0.7,0.03,0.08,0.06,449.0,717.0,54.8475,8.36,1.33,151.67,201.39,179.67,180.41,181.44,182.18,1197.37,,,
2008-12,0.35,1.63,2.32,0.7,0.03,0.08,0.06,449.0,717.0,54.8475,8.36,1.33,151.67,201.39,179.67,180.41,181.44,182.18,1197.37,,,
2009-01,0.35,1.63,2.32,0.7,0.03,0.08,0.06,449.0,717.0,54.8475,8.36,1.33,151.67,201.39,179.67,180.41,181.44,182.18,1197.37,,,
2009-02,0.35,1.63,2.32,0.7,0.03,0.08,0.06,449.0,717.0,54.8475,8.36,1.33,151.67,201.39,179.67,180.41,181.44,182.18,1197.37,,,
2009-03,0.35,1.63,2.32,0.7,0.03,0.08,0.06,449.0,717.0,54.8475,8.36,1.33,151.67,201.39,179.67,180.41,181.44,182.18,1197.37,,,
2009-04,0.35,1.63,2.32,0.7,0.03,0.08,0.06,449.0,717.0,54.8475,8.36,1.33,151.67,201.39,179.67,180.41,181.44,182.18,1197.37,,,
2009-05,0.35,1.63,2.32,0.7,0.03,0.08,0.06,449.0,717.0,54.8475,8.36,1.33,151.67,201.39,179.67,180.41,181.44,182.18,1197.37,,,
2009-06,0.35,1.63,2.32,0.7,0.03,0.08,0.06,449.0,717.0,54.8475,8.36,1.33,151.67,201.39,179.67,180.41,181.44,182.18,1197.37,,,
2009-07,0.35,1.63,2.32,0.7,0.03,0.08,0.06,449.0,717.0,55.1217,8.4,1.34,151.67,203.94,179.67,180.41,181.44,182.18,1197.37,,,
2009-08,0.35,1.63,2.32,0.7,0.03,0.08,0.06,449.0,717.0,55.1217,8.4,1.34,151.67,203.94,179.67,180.41,181.44,182.18,1197.37,,,
2009-09,0.35,1.63,2.32,0.7,0.03,0.08,0.06,449.0,717.0,55.1217,8.4,1.34,151.67,203.94,179.67,180.41,181.44,182.18,1197.37,,,
2009-10,0.35,1.63,2.32,0.7,0.03,0.08,0.06,449.0,717.0,55.2871,8.43,1.34,151.67,203.94,179.67,180.41,181.44,182.18,1197.37,,,
2009-11,0.35,1.63,2.32,0.7,0.03,0.08,0.06,449.0,717.0,55.2871,8.43,1.34,151.67,203.94,179.67,180.41,181.44,182.18,1197.37,,,
2009-12,0.35,1.63,2.32,0.7,0.03,0.08,0.06,449.0,717.0,55.2871,8.43,1.34,151.67,203.94,179.67,180.41,181.44,182.18,1197.37,,,
2010-01,0.35,1.63,2.32,0.7,0.03,0.08,0.06,449.0,717.0,55.2871,8.43,1.35,151.67,204.86,179.67,180.41,181.44,182.18,1197.37,,,
2010-02,0.35,1.63,2.32,0.7,0.03,0.08,0.06,449.0,717.0,55.2871,8.43,1.35,151.67,204.86,179.67,180.41,181.44,182.18,1197.37,,,
2010-03,0.35,1.63,2.32,0.7,0.03,0.08,0.06,449.0,717.0,55.2871,8.43,1.35,151.67,204.86,179.67,180.41,181.44,182.18,1197.37,,,
2010-04,0.35,1.63,2.32,0.7,0.03,0.08,0.06,449.0,717.0,55.2871,8.43,1.35,151.67,204.86,179.67,180.41,181.44,182.18,1197.37,,,
2010-05,0.35,1.63,2.32,0.7,0.03,0.08,0.06,449.0,717.0,55.2871,8.43,1.35,151.67,204.86,179.67,180.41,181.44,182.18,1197.37,,,
2010-06,0.35,1.63,2.32,0.7,0.03,0.08,0.06,449.0,717.0,55.2871,8.43,1.35,151.67,204.86,179.67,180.41,181.44,182.18,1197.37,,,
2010-07,0.35,1.63,2.32,0.7,0.03,0.08,0.06,449.0,717.0,55.5635,8.47,1.35,151.67,204.86,179.67,180.41,181.44,182.18,1197.37,,,
2010-08,0.35,1.63,2.32,0.7,0.03,0.08,0.06,449.0,717.0,55.5635,8.47,1.35,151.67,204.86,179.67,180.41,181.44,182.18,1197.37,,,
2010-09,0.35,1.63,2.32,0.7,0.03,0.08,0.06,449.0,717.0,55.5635,8.47,1.35,151.67,204.86,179.67,180.41,181.44,182.18,1197.37,,,
2010-10,0.35,1.63,2.32,0.7,0.03,0.08,0.06,449.0,717.0,55.5635,8.47,1.35,151.67,204.86,179.67,180.41,181.44,182.18,1197.37,,,
2010-11,0.35,1.63,2.32,0.7,0.03,0.08,0.06,449.0,717.0,55.5635,8.47,1.35,151.67,204.86,179.67,180.41,181.44,182.18,1197.37,,,
2010-12,0.35,1.63,2.32,0.7,0.03,0.08,0.06,449.0,717.0,55.5635,8.47,1.35,151.67,204.86,179.67,180.41,181.44,182.18,1197.37,,,
2011-01,0.35,1.63,2.32,0.7,0.03,0.08,0.06,449.0,717.0,55.5635,8.47,1.37,151.67,208.1,179.67,180.41,181.44,182.18,1197.37,,,
2011-02,0.35,1.63,2.32,0.7,0.03,0.08,0.06,449.0,717.0,55.5635,8.47,1.37,151.67,208.1,179.67,180.41,181.44,182.18,1197.37,,,
2011-03,0.35,1.63,2.32,0.7,0.03,0.08,0.06,449.0,717.0,55.5635,8.47,1.37,151.67,208.1,179.67,180.41,181.44,182.18,1197.37,,,
2011-04,0.35,1.63,2.32,0.7,0.03,0.08,0.06,449.0,717.0,55.5635,8.47,1.37,151.67,208.1,179.67,180.41,181.44,182.18,1197.37,,,
2011-05,0.35,1.63,2.32,0.7,0.03,0.08,0.06,449.0,717.0,55.5635,8.47,1.37,151.67,208.1,179.67,180.41,181.44,182.18,1197.37,,,
2011-06,0.35,1.63,2.32,0.7,0.03,0.08,0.06,449.0,717.0,55.5635,8.47,1.37,151.67,208.1,179.67,180.41,181.44,182.18,1197.37,,,
2011-07,0.35,1.63,2.32,0.7,0.03,0.08,0.06,449.0,717.0,55.5635,8.47,1.37,151.67,208.1,179.67,180.41,181.44,182.18,1197.37,,,
2011-08,0.35,1.63,2.32,0.7,0.03,0.08,0.06,449.0,717.0,55.5635,8.47,1.37,151.67,208.1,179.67,180.41,181.44,182.18,1197.37,,,
2011-09,0.35,1.63,2.32,0.7,0.03,0.08,0.06,449.0,717.0,55.5635,8.47,1.37,151.67,208.1,179.67,180.41,181.44,182.18,1197.37,,,
2011-10,0.35,1.63,2.32,0.7,0.03,0.08,0.06,449.0,717.0,55.5635,8.47,1.37,151.67,208.1,179.67,180.41,181.44,182.18,1197.37,,,
2011-11,0.35,1.63,2.32,0.7,0.03,0.08,0.06,449.0,717.0,55.5635,8.47,1.37,151.67,208.1,179.67,180.41,181.44,182.18,1197.37,,,
2011-12,0.35,1.63,2.32,0.7,0.03,0.08,0.06,449.0,717.0,55.5635,8.47,1.4,151.67,212.49,179.67,180.41,181.44,182.18,1197.37,,,
2012-01,0.35,1.63,2.32,0.7,0.03,0.08,0.06,449.0,717.0,55.5635,8.47,1.41,151.67,213.18,179.67,180.41,181.44,182.18,1197.37,,,
2012-02,0.35,1.63,2.32,0.7,0.03,0.08,0.06,449.0,717.0,55.5635,8.47,1.41,151.67,213.18,179.67,180.41,181.44,182.18,1197.37,,,
2012-03,0.35,1.63,2.32,0.7,0.03,0.08,0.06,449.0,717.0,55.5635,8.47,1.41,151.67,213.18,179.67,180.41,181.44,182.18,1197.37,,,
2012-04,0.35,1.63,2.32,0.7,0.03,0.08,0.06,449.0,717.0,55.5635,8.47,1.41,151.67,213.18,179.67,180.41,181.44,182.18,1197.37,,,
2012-05,0.35,1.63,2.32,0.7,0.03,0.08,0.06,449.0,717.0,55.5635,8.47,1.41,151.67,213.18,179.67,180.41,181.44,182.18,1197.37,,,
2012-06,0.35,1.63,2.32,0.7,0.03,0.08,0.06,449.0,717.0,55.5635,8.47,1.41,151.67,213.18,179.67,180.41,181.44,182.18,1197.37,,,
2012-07,0.35,1.63,2.32,0.7,0.03,0.08,0.06,449.0,717.0,55.5635,8.47,1.43,151.67,217.34,179.67,180.41,181.44,182.18,1197.37,,,
2012-08,0.35,1.63,2.32,0.7,0.03,0.08,0.06,449.0,717.0,55.5635,8.47,1.43,151.67,217.34,179.67,180.41,181.44,182.18,1197.37,,,
2012-09,0.35,1.63,2.32,0.7,0.03,0.08,0.06,449.0,717.0,55.5635,8.47,1.43,151.67,217.34,179.67,180.41,181.44,182.18,1197.37,,,
2012-10,0.35,1.63,2.32,0.7,0.03,0.08,0.06,449.0,717.0,55.5635,8.47,1.43,151.67,217.34,179.67,180.41,181.44,182.18,1197.37,,,
2012-11,0.35,1.63,2.32,0.7,0.03,0.08,0.06,449.0,717.0,55.5635,8.47,1.43,151.67,217.34,179.67,180.41,181.44,182.18,1197.37,,,
2012-12,0.35,1.63,2.32,0.7,0.03,0.08,0.06,449.0,717.0,55.5635,8.47,1.43,151.67,217.34,179.67,180.41,181.44,182.18,1197.37,,,
2013-01,0.35,1.63,2.32,0.7,0.03,0.08,0.06,449.0,717.0,55.5635,8.47,1.44,151.67,218.04,179.67,180.41,181.44,182.18,1197.37,,,
2013-02,0.35,1.63,2.32,0.7,0.03,0.08,0.06,449.0,717.0,55.5635,8.47,1.44,151.67,218.04,179.67,180.41,181.44,182.18,1197.37,,,
2013-03,0.35,1.63,2.32,0.7,0.03,0.08,0.06,449.0,717.0,55.5635,8.47,1.44,151.67,218.04,179.67,180.41,181.44,182.18,1197.37,,,
2013-04,0.35,1.63,2.32,0.7,0.03,0.08,0.06,449.0,717.0,55.5635,8.47,1.44,151.67,218.04,179.67,180.41,181.44,182.18,1197.37,,,
2013-05,0.35,1.63,2.32,0.7,0.03,0.08,0.06,449.0,717.0,55.5635,8.47,1.44,151.67,218.04,179.67,180.41,181.44,182.18,1197.37,,,
2013-06,0.35,1.63,2.32,0.7,0.03,0.08,0.06,449.0,717.0,55.5635,8.47,1.44,151.67,218.04,179.67,180.41,181.44,182.18,1197.37,,,
2013-07,0.35,1.63,2.32,0.7,0.03,0.08,0.06,449.0,717.0,55.5635,8.47,1.44,151.67,218.04,179.67,180.41,181.44,182.18,1197.37,,,
2013-08,0.35,1.63,2.32,0.7,0.03,0.08,0.06,449.0,717.0,55.5635,8.47,1.44,151.67,218.04,179.67,180.41,181.44,182.18,1197.37,,,
2013-09,0.35,1.63,2.32,0.7,0.03,0.08,0.06,449.0,717.0,55.5635,8.47,1.44,151.67,218.04,179.67,180.41,181.44,182.18,1197.37,,,
2013-10,0.35,1.63,2.32,0.7,0.03,0.08,0.06,449.0,717.0,55.5635,8.47,1.44,151.67,218.04,179.67,180.41,181.44,182.18,1197.37,,,
2013-11,0.35,1.63,2.32,0.7,0.03,0.08,0.06,449.0,717.0,55.5635,8.47,1.44,151.67,218.04,179.67,180.41,181.44,182.18,1197.37,,,
2013-12,0.35,1.63,2.32,0.7,0.03,0.08,0.06,449.0,717.0,55.5635,8.47,1.44,151.67,218.04,179.67,180.41,181.44,182.18,1197.37,,,
2014-01,0.35,1.63,2.32,0.7,0.03,0.08,0.06,449.0,717.0,55.5635,8.47,1.45,151.67,220.35,179.67,180.41,181.44,182.18,1197.37,,,
2014-02,0.35,1.63,2.32,0.7,0.03,0.08,0.06,449.0,717.0,55.5635,8.47,1.45,151.67,220.35,179.67,180.41,181.44,182.18,1197.37,,,
2014-03,0.35,1.63,2.32,0.7,0.03,0.08,0.06,449.0,717.0,55.5635,8.47,1.45,151.67,220.35,179.67,180.41,181.44,182.18,1197.37,,,
2014-04,0.35,1.63,2.32,0.7,0.03,0.08,0.06,449.0,717.0,55.5635,8.47,1.45,151.67,220.35,179.67,180.41,181.44,182.18,1197.37,,,
2014-05,0.35,1.63,2.32,0.7,0.03,0.08,0.06,449.0,717.0,55.5635,8.47,1.45,151.67,220.35,179.67,180.41,181.44,182.18,1197.37,,,
2014-06,0.35,1.63,2.32,0.7,0.03,0.08,0.06,449.0,717.0,55.5635,8.47,1.45,151.67,220.35,179.67,180.41,181.44,182.18,1197.37,,,
2014-07,0.35,1.63,2.32,0.7,0.03,0.08,0.06,449.0,717.0,55.5635,8.47,1.45,151.67,220.35,179.67,180.41,181.44,182.18,1197.37,,,
2014-08,0.35,1.63,2.32,0.7,0.03,0.08,0.06,449.0,717.0,55.5635,8.47,1.45,151.67,220.35,179.67,180.41,181.44,182.18,1197.37,,,
2014-09,0.35,1.63,2.32,0.7,0.03,0.08,0.06,449.0,717.0,55.5635,8.47,1.45,151.67,220.35,179.67,180.41,181.44,182.18,1197.37,,,
2014-10,0.35,1.63,2.32,0.7,0.03,0.08,0.06,449.0,717.0,55.5635,8.47,1.45,151.67,220.35,179.67,180.41,181.44,182.18,1197.37,,,
2014-11,0.35,1.63,2.32,0.7,0.03,0.08,0.06,449.0,717.0,55.5635,8.47,1.45,151.67,220.35,179.67,180.41,181.44,182.18,1197.37,,,
2014-12,0.35,1.63,2.32,0.7,0.03,0.08,0.06,449.0,717.0,55.5635,8.47,1.45,151.67,220.35,179.67,180.41,181.44,182.18,1197.37,,,
2015-01,0.35,1.63,2.32,0.7,0.03,0.08,0.06,449.0,717.0,55.5635,8.47,1.47,151.67,222.2,179.67,180.41,181.44,182.18,1197.37,,,
2015-02,0.35,1.63,2.32,0.7,0.03,0.08,0.06,449.0,717.0,55.5635,8.47,1.47,151.67,222.2,179.67,180.41,181.44,182.18,1197.37,,,
2015-03,0.35,1.63,2.32,0.7,0.03,0.08,0.06,449.0,717.0,55.5635,8.47,1.47,151.67,222.2,179.67,180.41,181.44,182.18,1197.37,,,
2015-04,0.35,1.63,2.32,0.7,0.03,0.08,0.06,449.0,717.0,55.5635,8.47,1.47,151.67,222.2,179.67,180.41,181.44,182.18,1197.37,,,
2015-05,0.35,1.63,2.32,0.7,0.03,0.08,0.06,449.0,717.0,55.5635,8.47,1.47,151.67,222.2,179.67,180.41,181.44,182.18,1197.37,,,
2015-06,0.35,1.63,2.32,0.7,0.03,0.08,0.06,449.0,717.0,55.5635,8.47,1.47,151.67,222.2,179.67,180.41,181.44,182.18,1197.37,,,
2015-07,0.35,1.63,2.32,0.7,0.03,0.08,0.06,449.0,717.0,55.5635,8.47,1.47,151.67,222.2,179.67,180.41,181.44,182.18,1197.37,,,
2015-08,0.35,1.63,2.32,0.7,0.03,0.08,0.06,449.0,717.0,55.5635,8.47,1.47,151.67,222.2,179.67,180.41,181.44,182.18,1197.37,,,
2015-09,0.35,1.63,2.32,0.7,0.03,0.08,0.06,449.0,717.0,55.5635,8.47,1.47,151.67,222.2,179.67,180.41,181.44,182.18,1197.37,,,
2015-10,0.35,1.63,2.32,0.7,0.03,0.08,0.06,449.0,717.0,55.5635,8.47,1.47,151.67,222.2,179.67,180.41,181.44,182.18,1197.37,,,
2015-11,0.35,1.63,2.32,0.7,0.03,0.08,0.06,449.0,717.0,55.5635,8.47,1.47,151.67,222.2,179.67,180.41,181.44,182.18,1197.37,,,
2015-12,0.35,1.63,2.32,0.7,0.03,0.08,0.06,449.0,717.0,55.5635,8.47,1.47,151.67,222.2,179.67,180.41,181.44,182.18,1197.37,,,
2016-01,0.35,1.63,2.32,0.7,0.03,0.08,0.06,449.0,717.0,55.5635,8.47,1.47,151.67,223.58,179.67,180.41,181.44,182.18,1197.37,,,
2016-02,0.35,1.63,2.32,0.7,0.03,0.08,0.06,449.0,717.0,55.5635,8.47,1.47,151.67,223.58,179.67,180.41,181.44,182.18,1197.37,,,
2016-03,0.35,1.63,2.32,0.7,0.03,0.08,0.06,449.0,717.0,55.5635,8.47,1.47,151.67,223.58,179.67,180.41,181.44,182.18,1197.37,,,
2016-04,0.35,1.63,2.32,0.7,0.03,0.08,0.06,449.0,717.0,55.5635,8.47,1.47,151.67,223.58,179.67,180.41,181.44,182.18,1197.37,,,
2016-05,0.35,1.63,2.32,0.7,0.03,0.08,0.06,449.0,717.0,55.5635,8.47,1.47,151.67,223.58,179.67,180.41,181.44,182.18,1197.37,,,
2016-06,0.35,1.63,2.32,0.7,0.03,0.08,0.06,449.0,717.0,55.5635,8.47,1.47,151.67,223.58,179.67,180.41,181.44,182.18,1197.37,,,
2016-07,0.35,1.63,2.32,0.7,0.03,0.08,0.06,449.0,717.0,55.8969,8.52,1.47,151.67,223.58,179.67,180.41,181.44,182.18,1197.37,,,
2016-08,0.35,1.63,2.32,0.7,0.03,0.08,0.06,449.0,717.0,55.8969,8.52,1.47,151.67,223.58,179.67,180.41,181.44,182.18,1197.37,,,
2016-09,0.35,1.63,2.32,0.7,0.03,0.08,0.06,449.0,717.0,55.8969,8.52,1.47,151.67,223.58,179.67,180.41,181.44,182.18,1197.37,,,
2016-10,0.35,1.63,2.32,0.7,0.03,0.08,0.06,449.0,717.0,55.8969,8.52,1.47,151.67,223.58,179.67,180.41,181.44,182.18,1197.37,,,
2016-11,0.35,1.63,2.32,0.7,0.03,0.08,0.06,449.0,717.0,55.8969,8.52,1.47,151.67,223.58,179.67,180.41,181.44,182.18,1197.37,,,
2016-12,0.35,1.63,2.32,0.7,0.03,0.08,0.06,449.0,717.0,55.8969,8.52,1.47,151.67,223.58,179.67,180.41,181.44,182.18,1197.37,,,
2017-01,0.35,1.63,2.32,0.7,0.03,0.08,0.06,449.0,717.0,55.8969,8.52,1.49,151.67,225.67,179.67,180.41,181.44,182.18,1197.37,,,
2017-02,0.35,1.63,2.32,0.7,0.03,0.08,0.06,449.0,717.0,56.2323,8.57,1.49,151.67,225.67,179.67,180.41,181.44,182.18,1197.37,,,
2017-03,0.35,1.63,2.32,0.7,0.03,0.08,0.06,449.0,717.0,56.2323,8.57,1.49,151.67,225.67,179.67,180.41,181.44,182.18,1197.37,,,
2017-04,0.35,1.63,2.32,0.7,0.03,0.08,0.06,449.0,717.0,56.2323,8.57,1.49,151.67,225.67,179.67,180.41,181.44,182.18,1197.37,,,
2017-05,0.35,1.63,2.32,0.7,0.03,0.08,0.06,449.0,717.0,56.2323,8.57,1.49,151.67,225.67,179.67,180.41,181.44,182.18,1197.37,,,
2017-06,0.35,1.63,2.32,0.7,0.03,0.08,0.06,449.0,717.0,56.2323,8.57,1.49,151.67,225.67,179.67,180.41,181.44,182.18,1197.37,,,
2017-07,0.35,1.63,2.32,0.7,0.03,0.08,0.06,449.0,717.0,56.2323,8.57,1.49,151.67,225.67,179.67,180.41,181.44,182.18,1197.37,,,
2017-08,0.35,1.63,2.32,0.7,0.03,0.08,0.06,449.0,717.0,56.2323,8.57,1.49,151.67,225.67,179.67,180.41,181.44,182.18,1197.37,,,
2017-09,0.35,1.63,2.32,0.7,0.03,0.08,0.06,449.0,717.0,56.2323,8.57,1.49,151.67,225.67,179.67,180.41,181.44,182.18,1197.37,,,
2017-10,0.35,1.63,2.32,0.7,0.03,0.08,0.06,449.0,717.0,56.2323,8.57,1.49,151.67,225.67,179.67,180.41,181.44,182.18,1197.37,,,
2017-11,0.35,1.63,2.32,0.7,0.03,0.08,0.06,449.0,717.0,56.2323,8.57,1.49,151.67,225.67,179.67,180.41,181.44,182.18,1197.37,,,
2017-12,0.35,1.63,2.32,0.7,0.03,0.08,0.06,449.0,717.0,56.2323,8.57,1.49,151.67,225.67,179.67,180.41,181.44,182.18,1197.37,,,
2018-01,0.35,1.63,2.32,0.7,0.03,0.08,0.06,449.0,717.0,56.2323,8.57,1.51,151.67,228.44,179.67,180.41,181.44,182.18,1197.37,,,
2018-02,0.35,1.63,2.32,0.7,0.03,0.08,0.06,449.0,717.0,56.2323,8.57,1.51,151.67,228.44,179.67,180.41,181.44,182.18,1197.37,,,
2018-03,0.35,1.63,2.32,0.7,0.03,0.08,0.06,449.0,717.0,56.2323,8.57,1.51,151.67,228.44,179.67,180.41,181.44,182.18,1197.37,,,
2018-04,0.35,1.63,2.32,0.7,0.03,0.08,0.06,449.0,717.0,56.2323,8.57,1.51,151.67,228.44,179.67,180.41,181.44,182.18,1197.37,,,
2018-05,0.35,1.63,2.32,0.7,0.03,0.08,0.06,449.0,717.0,56.2323,8.57,1.51,151.67,228.44,179.67,180.41,181.44,182.18,1197.37,,,
2018-06,0.35,1.63,2.32,0.7,0.03,0.08,0.06,449.0,717.0,56.2323,8.57,1.51,151.67,228.44,179.67,180.41,181.44,182.18,1197.37,,,
2018-07,0.35,1.63,2.32,0.7,0.03,0.08,0.06,449.0,717.0,56.2323,8.57,1.51,151.67,228.44,179.67,180.41,181.44,182.18,1197.37,,,
2018-08,0.35,1.63,2.32,0.7,0.03,0.08,0.06,449.0,717.0,56.2323,8.57,1.51,151.67,228.44,179.67,180.41,181.44,182.18,1197.37,,,
2018-09,0.35,1.63,2.32,0.7,0.03,0.08,0.06,449.0,717.0,56.2323,8.57,1.51,151.67,228.44,179.67,180.41,181.44,182.18,1197.37,,,
2018-10,0.35,1.63,2.32,0.7,0.03,0.08,0.06,449.0,717.0,56.2323,8.57,1.51,151.67,228.44,179.67,180.41,181.44,182.18,1197.37,,,
2018-11,0.35,1.63,2.32,0.7,0.03,0.08,0.06,449.0,717.0,56.2323,8.57,1.51,151.67,228.44,179.67,180.41,181.44,182.18,1197.37,,,
2018-12,0.35,1.63,2.32,0.7,0.03,0.08,0.06,449.0,717.0,56.2323,8.57,1.51,151.67,228.44,179.67,180.41,181.44,182.18,1197.37,,,
