date,prix_fuel_domestique_ttc,prix_fuel_domestique_ht,prix_unitaire_gdf_base_ttc,prix_unitaire_gdf_b0_ttc,prix_unitaire_gdf_b1_ttc,prix_unitaire_gdf_b2i_ttc,tarif_fixe_gdf_base_ht,tarif_fixe_gdf_b0_ht,tarif_fixe_gdf_b1_ht,tarif_fixe_gdf_b2i_ht,prix_unitaire_gdf_zone1_base_ht,prix_unitaire_gdf_zone2_base_ht,prix_unitaire_gdf_zone3_base_ht,prix_unitaire_gdf_zone4_base_ht,prix_unitaire_gdf_zone5_base_ht,prix_unitaire_gdf_zone6_base_ht,prix_unitaire_gdf_zone1_b0_ht,prix_unitaire_gdf_zone2_b0_ht,prix_unitaire_gdf_zone3_b0_ht,prix_unitaire_gdf_zone4_b0_ht,prix_unitaire_gdf_zone5_b0_ht,prix_unitaire_gdf_zone6_b0_ht,prix_unitaire_gdf_zone1_b1_ht,prix_unitaire_gdf_zone2_b1_ht,prix_unitaire_gdf_zone3_b1_ht,prix_unitaire_gdf_zone4_b1_ht,prix_unitaire_gdf_zone5_b1_ht,prix_unitaire_gdf_zone6_b1_ht,prix_unitaire_gdf_zone1_b2i_ht,prix_unitaire_gdf_zone2_b2i_ht,prix_unitaire_gdf_zone3_b2i_ht,prix_unitaire_gdf_zone4_b2i_ht,prix_unitaire_gdf_zone5_b2i_ht,prix_unitaire_gdf_zone6_b2i_ht,tarif_fixe_gdf_base_ttc,tarif_fixe_gdf_b0_ttc,tarif_fixe_gdf_b1_ttc,tarif_fixe_gdf_b2i_ttc,tarif_fixe_base_3kva_ht,tarif_fixe_base_6kva_ht,tarif_fixe_base_9kva_ht,tarif_fixe_base_12kva_ht,tarif_fixe_base_15kva_ht,tarif_fixe_base_18kva_ht,tarif_fixe_base_24kva_ht,tarif_fixe_base_30kva_ht,tarif_fixe_base_36kva_ht,tarif_fixe_base_3kva_ttc,tarif_fixe_base_6kva_ttc,tarif_fixe_base_9kva_ttc,tarif_fixe_base_12kva_ttc,tarif_fixe_base_15kva_ttc,tarif_fixe_base_18kva_ttc
1983-01,,,0.0537,0.0438,0.0315,,,,,,,,,,,,,,,,,,,,,,,,,,,,,,22.09,33.17,223.77,,,,,,,,,,,40.5,80.36,141.59,205.0,268.41,331.82
1983-02,,,0.0537,0.0438,0.0315,,,,,,,,,,,,,,,,,,,,,,,,,,,,,,22.09,33.17,223.77,,,,,,,,,,,40.5,80.36,141.59,205.0,268.41,331.82
1983-03,,,0.0537,0.0438,0.0315,,,,,,,,,,,,,,,,,,,,,,,,,,,,,,22.09,33.17,223.77,,,,,,,,,,,40.5,80.36,141.59,205.0,268.41,331.82
1983-04,,,0.0537,0.0438,0.0315,,,,,,,,,,,,,,,,,,,,,,,,,,,,,,22.09,33.17,223.77,,,,,,,,,,,40.5,80.36,141.59,205.0,268.41,331.82
1983-05,,,0.0537,0.0438,0.0315,,,,,,,,,,,,,,,,,,,,,,,,,,,,,,22.09,33.17,223.77,,,,,,,,,,,40.5,80.36,141.59,205.0,268.41,331.82
1983-06,,,0.0537,0.0438,0.0315,,,,,,,,,,,,,,,,,,,,,,,,,,,,,,22.09,33.17,223.77,,,,,,,,,,,40.5,80.36,141.59,205.0,268.41,331.82
1983-07,,,0.0537,0.0438,0.0315,,,,,,,,,,,,,,,,,,,,,,,,,,,,,,22.09,33.17,223.77,,,,,,,,,,,40.5,80.36,141.59,205.0,268.41,331.82
1983-08,,,0.0537,0.0438,0.0315,,,,,,,,,,,,,,,,,,,,,,,,,,,,,,22.09,33.17,223.77,,,,,,,,,,,40.5,80.36,141.59,205.0,268.41,331.82
1983-09,,,0.0537,0.0438,0.0315,,,,,,,,,,,,,,,,,,,,,,,,,,,,,,22.09,33.17,223.77,,,,,,,,,,,40.5,80.36,141.59,205.0,268.41,331.82
1983-10,,,0.0537,0.0438,0.0315,,,,,,,,,,,,,,,,,,,,,,,,,,,,,,22.09,33.17,223.77,,,,,,,,,,,40.5,80.36,141.59,205.0,268.41,331.82
1983-11,,,0.0537,0.0438,0.0315,,,,,,,,,,,,,,,,,,,,,,,,,,,,,,22.09,33.17,223.77,,,,,,,,,,,40.5,80.36,141.59,205.0,268.41,331.82
1983-12,,,0.0537,0.0438,0.0315,,,,,,,,,,,,,,,,,,,,,,,,,,,,,,22.09,33.17,223.77,,,,,,,,,,,40.5,80.36,141.59,205.0,268.41,331.82
1984-01,,,0.0596,0.047,0.0333,,,,,,,,,,,,,,,,,,,,,,,,,,,,,,22.39,36.8,136.33,,,,,,,,,,,32.36,81.58,150.01,217.77,285.52,353.28
1984-02,,,0.0596,0.047,0.0333,,,,,,,,,,,,,,,,,,,,,,,,,,,,,,22.39,36.8,136.33,,,,,,,,,,,32.36,81.58,150.01,217.77,285.52,353.28
1984-03,,,0.0596,0.047,0.0333,,,,,,,,,,,,,,,,,,,,,,,,,,,,,,22.39,36.8,136.33,,,,,,,,,,,32.36,81.58,150.01,217.77,285.52,353.28
1984-04,,,0.0596,0.047,0.0333,,,,,,,,,,,,,,,,,,,,,,,,,,,,,,22.39,36.8,136.33,,,,,,,,,,,32.36,81.58,150.01,217.77,285.52,353.28
1984-05,,,0.0596,0.047,0.0333,,,,,,,,,,,,,,,,,,,,,,,,,,,,,,22.39,36.8,136.33,,,,,,,,,,,32.36,81.58,150.01,217.77,285.52,353.28
1984-06,,,0.0596,0.047,0.0333,,,,,,,,,,,,,,,,,,,,,,,,,,,,,,22.39,36.8,136.33,,,,,,,,,,,32.36,81.58,150.01,217.77,285.52,353.28
1984-07,,,0.0596,0.047,0.0333,,,,,,,,,,,,,,,,,,,,,,,,,,,,,,22.39,36.8,136.33,,,,,,,,,,,32.36,81.58,150.01,217.77,285.52,353.28
1984-08,,,0.0596,0.047,0.0333,,,,,,,,,,,,,,,,,,,,,,,,,,,,,,22.39,36.8,136.33,,,,,,,,,,,32.36,81.58,150.01,217.77,285.52,353.28
1984-09,,,0.0596,0.047,0.0333,,,,,,,,,,,,,,,,,,,,,,,,,,,,,,22.39,36.8,136.33,,,,,,,,,,,32.36,81.58,150.01,217.77,285.52,353.28
1984-10,,,0.0596,0.047,0.0333,,,,,,,,,,,,,,,,,,,,,,,,,,,,,,22.39,36.8,136.33,,,,,,,,,,,32.36,81.58,150.01,217.77,285.52,353.28
1984-11,,,0.0596,0.047,0.0333,,,,,,,,,,,,,,,,,,,,,,,,,,,,,,22.39,36.8,136.33,,,,,,,,,,,32.36,81.58,150.01,217.77,285.52,353.28
1984-12,,,0.0596,0.047,0.0333,,,,,,,,,,,,,,,,,,,,,,,,,,,,,,22.39,36.8,136.33,,,,,,,,,,,32.36,81.58,150.01,217.77,285.52,353.28
1985-01,,,0.0639,0.0509,0.0349,0.0329,,,,,,,,,,,,,,,,,,,,,,,,,,,,,24.28,38.76,155.01,201.39,,,,,,,,,,27.09,79.81,152.99,223.75,294.5,365.25
1985-02,,,0.0639,0.0509,0.0349,0.0329,,,,,,,,,,,,,,,,,,,,,,,,,,,,,24.28,38.76,155.01,201.39,,,,,,,,,,27.09,79.81,152.99,223.75,294.5,365.25
1985-03,,,0.0639,0.0509,0.0349,0.0329,,,,,,,,,,,,,,,,,,,,,,,,,,,,,24.28,38.76,155.01,201.39,,,,,,,,,,27.09,79.81,152.99,223.75,294.5,365.25
1985-04,,,0.0639,0.0509,0.0349,0.0329,,,,,,,,,,,,,,,,,,,,,,,,,,,,,24.28,38.76,155.01,201.39,,,,,,,,,,27.09,79.81,152.99,223.75,294.5,365.25
1985-05,,,0.0639,0.0509,0.0349,0.0329,,,,,,,,,,,,,,,,,,,,,,,,,,,,,24.28,38.76,155.01,201.39,,,,,,,,,,27.09,79.81,152.99,223.75,294.5,365.25
1985-06,,,0.0639,0.0509,0.0349,0.0329,,,,,,,,,,,,,,,,,,,,,,,,,,,,,24.28,38.76,155.01,201.39,,,,,,,,,,27.09,79.81,152.99,223.75,294.5,365.25
1985-07,,,0.0639,0.0509,0.0349,0.0329,,,,,,,,,,,,,,,,,,,,,,,,,,,,,24.28,38.76,155.01,201.39,,,,,,,,,,27.09,79.81,152.99,223.75,294.5,365.25
1985-08,,,0.0639,0.0509,0.0349,0.0329,,,,,,,,,,,,,,,,,,,,,,,,,,,,,24.28,38.76,155.01,201.39,,,,,,,,,,27.09,79.81,152.99,223.75,294.5,365.25
1985-09,,,0.0639,0.0509,0.0349,0.0329,,,,,,,,,,,,,,,,,,,,,,,,,,,,,24.28,38.76,155.01,201.39,,,,,,,,,,27.09,79.81,152.99,223.75,294.5,365.25
1985-10,,,0.0639,0.0509,0.0349,0.0329,,,,,,,,,,,,,,,,,,,,,,,,,,,,,24.28,38.76,155.01,201.39,,,,,,,,,,27.09,79.81,152.99,223.75,294.5,365.25
1985-11,,,0.0639,0.0509,0.0349,0.0329,,,,,,,,,,,,,,,,,,,,,,,,,,,,,24.28,38.76,155.01,201.39,,,,,,,,,,27.09,79.81,152.99,223.75,294.5,365.25
1985-12,,,0.0639,0.0509,0.0349,0.0329,,,,,,,,,,,,,,,,,,,,,,,,,,,,,24.28,38.76,155.01,201.39,,,,,,,,,,27.09,79.81,152.99,223.75,294.5,365.25
1986-01,,,0.0601,0.0473,0.0312,0.0292,,,,,,,,,,,,,,,,,,,,,,,,,,,,,23.18,37.58,155.66,211.83,,,,,,,,,,26.23,78.34,150.7,220.54,290.36,360.2
1986-02,,,0.0601,0.0473,0.0312,0.0292,,,,,,,,,,,,,,,,,,,,,,,,,,,,,23.18,37.58,155.66,211.83,,,,,,,,,,26.23,78.34,150.7,220.54,290.36,360.2
1986-03,,,0.0601,0.0473,0.0312,0.0292,,,,,,,,,,,,,,,,,,,,,,,,,,,,,23.18,37.58,155.66,211.83,,,,,,,,,,26.23,78.34,150.7,220.54,290.36,360.2
1986-04,,,0.0601,0.0473,0.0312,0.0292,,,,,,,,,,,,,,,,,,,,,,,,,,,,,23.18,37.58,155.66,211.83,,,,,,,,,,26.23,78.34,150.7,220.54,290.36,360.2
1986-05,,,0.0601,0.0473,0.0312,0.0292,,,,,,,,,,,,,,,,,,,,,,,,,,,,,23.18,37.58,155.66,211.83,,,,,,,,,,26.23,78.34,150.7,220.54,290.36,360.2
1986-06,,,0.0601,0.0473,0.0312,0.0292,,,,,,,,,,,,,,,,,,,,,,,,,,,,,23.18,37.58,155.66,211.83,,,,,,,,,,26.23,78.34,150.7,220.54,290.36,360.2
1986-07,,,0.0601,0.0473,0.0312,0.0292,,,,,,,,,,,,,,,,,,,,,,,,,,,,,23.18,37.58,155.66,211.83,,,,,,,,,,26.23,78.34,150.7,220.54,290.36,360.2
1986-08,,,0.0601,0.0473,0.0312,0.0292,,,,,,,,,,,,,,,,,,,,,,,,,,,,,23.18,37.58,155.66,211.83,,,,,,,,,,26.23,78.34,150.7,220.54,290.36,360.2
1986-09,,,0.0601,0.0473,0.0312,0.0292,,,,,,,,,,,,,,,,,,,,,,,,,,,,,23.18,37.58,155.66,211.83,,,,,,,,,,26.23,78.34,150.7,220.54,290.36,360.2
1986-10,,,0.0601,0.0473,0.0312,0.0292,,,,,,,,,,,,,,,,,,,,,,,,,,,,,23.18,37.58,155.66,211.83,,,,,,,,,,26.23,78.34,150.7,220.54,290.36,360.2
1986-11,,,0.0601,0.0473,0.0312,0.0292,,,,,,,,,,,,,,,,,,,,,,,,,,,,,23.18,37.58,155.66,211.83,,,,,,,,,,26.23,78.34,150.7,220.54,290.36,360.2
1986-12,,,0.0601,0.0473,0.0312,0.0292,,,,,,,,,,,,,,,,,,,,,,,,,,,,,23.18,37.58,155.66,211.83,,,,,,,,,,26.23,78.34,150.7,220.54,290.36,360.2
1987-01,,,0.05110000000000001,0.0384,0.0245,0.0226,,,,,,,,,,,,,,,,,,,,,,,,,,,,,21.78,36.15,137.14,194.09,,,,,,,,,,26.04,76.03,148.36,218.65,288.95,359.24
1987-02,,,0.05110000000000001,0.0384,0.0245,0.0226,,,,,,,,,,,,,,,,,,,,,,,,,,,,,21.78,36.15,137.14,194.09,,,,,,,,,,26.04,76.03,148.36,218.65,288.95,359.24
1987-03,,,0.05110000000000001,0.0384,0.0245,0.0226,,,,,,,,,,,,,,,,,,,,,,,,,,,,,21.78,36.15,137.14,194.09,,,,,,,,,,26.04,76.03,148.36,218.65,288.95,359.24
1987-04,,,0.05110000000000001,0.0384,0.0245,0.0226,,,,,,,,,,,,,,,,,,,,,,,,,,,,,21.78,36.15,137.14,194.09,,,,,,,,,,26.04,76.03,148.36,218.65,288.95,359.24
1987-05,,,0.05110000000000001,0.0384,0.0245,0.0226,,,,,,,,,,,,,,,,,,,,,,,,,,,,,21.78,36.15,137.14,194.09,,,,,,,,,,26.04,76.03,148.36,218.65,288.95,359.24
1987-06,,,0.05110000000000001,0.0384,0.0245,0.0226,,,,,,,,,,,,,,,,,,,,,,,,,,,,,21.78,36.15,137.14,194.09,,,,,,,,,,26.04,76.03,148.36,218.65,288.95,359.24
1987-07,,,0.05110000000000001,0.0384,0.0245,0.0226,,,,,,,,,,,,,,,,,,,,,,,,,,,,,21.78,36.15,137.14,194.09,,,,,,,,,,26.04,76.03,148.36,218.65,288.95,359.24
1987-08,,,0.05110000000000001,0.0384,0.0245,0.0226,,,,,,,,,,,,,,,,,,,,,,,,,,,,,21.78,36.15,137.14,194.09,,,,,,,,,,26.04,76.03,148.36,218.65,288.95,359.24
1987-09,,,0.05110000000000001,0.0384,0.0245,0.0226,,,,,,,,,,,,,,,,,,,,,,,,,,,,,21.78,36.15,137.14,194.09,,,,,,,,,,26.04,76.03,148.36,218.65,288.95,359.24
1987-10,,,0.05110000000000001,0.0384,0.0245,0.0226,,,,,,,,,,,,,,,,,,,,,,,,,,,,,21.78,36.15,137.14,194.09,,,,,,,,,,26.04,76.03,148.36,218.65,288.95,359.24
1987-11,,,0.05110000000000001,0.0384,0.0245,0.0226,,,,,,,,,,,,,,,,,,,,,,,,,,,,,21.78,36.15,137.14,194.09,,,,,,,,,,26.04,76.03,148.36,218.65,288.95,359.24
1987-12,,,0.05110000000000001,0.0384,0.0245,0.0226,,,,,,,,,,,,,,,,,,,,,,,,,,,,,21.78,36.15,137.14,194.09,,,,,,,,,,26.04,76.03,148.36,218.65,288.95,359.24
1988-01,,,0.0513,0.0386,0.0244,0.0225,,,,,,,,,,,,,,,,,,,,,,,,,,,,,20.67,34.69,134.93,188.17,,,,,,,,,,25.62,73.62,145.19,215.01,284.84,354.66
1988-02,,,0.0513,0.0386,0.0244,0.0225,,,,,,,,,,,,,,,,,,,,,,,,,,,,,20.67,34.69,134.93,188.17,,,,,,,,,,25.62,73.62,145.19,215.01,284.84,354.66
1988-03,,,0.0513,0.0386,0.0244,0.0225,,,,,,,,,,,,,,,,,,,,,,,,,,,,,20.67,34.69,134.93,188.17,,,,,,,,,,25.62,73.62,145.19,215.01,284.84,354.66
1988-04,,,0.0513,0.0386,0.0244,0.0225,,,,,,,,,,,,,,,,,,,,,,,,,,,,,20.67,34.69,134.93,188.17,,,,,,,,,,25.62,73.62,145.19,215.01,284.84,354.66
1988-05,,,0.0513,0.0386,0.0244,0.0225,,,,,,,,,,,,,,,,,,,,,,,,,,,,,20.67,34.69,134.93,188.17,,,,,,,,,,25.62,73.62,145.19,215.01,284.84,354.66
1988-06,,,0.0513,0.0386,0.0244,0.0225,,,,,,,,,,,,,,,,,,,,,,,,,,,,,20.67,34.69,134.93,188.17,,,,,,,,,,25.62,73.62,145.19,215.01,284.84,354.66
1988-07,,,0.0513,0.0386,0.0244,0.0225,,,,,,,,,,,,,,,,,,,,,,,,,,,,,20.67,34.69,134.93,188.17,,,,,,,,,,25.62,73.62,145.19,215.01,284.84,354.66
1988-08,,,0.0513,0.0386,0.0244,0.0225,,,,,,,,,,,,,,,,,,,,,,,,,,,,,20.67,34.69,134.93,188.17,,,,,,,,,,25.62,73.62,145.19,215.01,284.84,354.66
1988-09,,,0.0513,0.0386,0.0244,0.0225,,,,,,,,,,,,,,,,,,,,,,,,,,,,,20.67,34.69,134.93,188.17,,,,,,,,,,25.62,73.62,145.19,215.01,284.84,354.66
1988-10,,,0.0513,0.0386,0.0244,0.0225,,,,,,,,,,,,,,,,,,,,,,,,,,,,,20.67,34.69,134.93,188.17,,,,,,,,,,25.62,73.62,145.19,215.01,284.84,354.66
1988-11,,,0.0513,0.0386,0.0244,0.0225,,,,,,,,,,,,,,,,,,,,,,,,,,,,,20.67,34.69,134.93,188.17,,,,,,,,,,25.62,73.62,145.19,215.01,284.84,354.66
1988-12,,,0.0513,0.0386,0.0244,0.0225,,,,,,,,,,,,,,,,,,,,,,,,,,,,,20.67,34.69,134.93,188.17,,,,,,,,,,25.62,73.62,145.19,215.01,284.84,354.66
1989-01,,,0.0517,0.0389,0.0244,0.0227,,,,,,,,,,,,,,,,,,,,,,,,,,,,,18.91,32.07,126.35,170.94,,,,,,,,,,24.11,67.89,135.76,202.26,268.75,335.25
1989-02,,,0.0517,0.0389,0.0244,0.0227,,,,,,,,,,,,,,,,,,,,,,,,,,,,,18.91,32.07,126.35,170.94,,,,,,,,,,24.11,67.89,135.76,202.26,268.75,335.25
1989-03,,,0.0517,0.0389,0.0244,0.0227,,,,,,,,,,,,,,,,,,,,,,,,,,,,,18.91,32.07,126.35,170.94,,,,,,,,,,24.11,67.89,135.76,202.26,268.75,335.25
1989-04,,,0.0517,0.0389,0.0244,0.0227,,,,,,,,,,,,,,,,,,,,,,,,,,,,,18.91,32.07,126.35,170.94,,,,,,,,,,24.11,67.89,135.76,202.26,268.75,335.25
1989-05,,,0.0517,0.0389,0.0244,0.0227,,,,,,,,,,,,,,,,,,,,,,,,,,,,,18.91,32.07,126.35,170.94,,,,,,,,,,24.11,67.89,135.76,202.26,268.75,335.25
1989-06,,,0.0517,0.0389,0.0244,0.0227,,,,,,,,,,,,,,,,,,,,,,,,,,,,,18.91,32.07,126.35,170.94,,,,,,,,,,24.11,67.89,135.76,202.26,268.75,335.25
1989-07,,,0.0517,0.0389,0.0244,0.0227,,,,,,,,,,,,,,,,,,,,,,,,,,,,,18.91,32.07,126.35,170.94,,,,,,,,,,24.11,67.89,135.76,202.26,268.75,335.25
1989-08,,,0.0517,0.0389,0.0244,0.0227,,,,,,,,,,,,,,,,,,,,,,,,,,,,,18.91,32.07,126.35,170.94,,,,,,,,,,24.11,67.89,135.76,202.26,268.75,335.25
1989-09,,,0.0517,0.0389,0.0244,0.0227,,,,,,,,,,,,,,,,,,,,,,,,,,,,,18.91,32.07,126.35,170.94,,,,,,,,,,24.11,67.89,135.76,202.26,268.75,335.25
1989-10,,,0.0517,0.0389,0.0244,0.0227,,,,,,,,,,,,,,,,,,,,,,,,,,,,,18.91,32.07,126.35,170.94,,,,,,,,,,24.11,67.89,135.76,202.26,268.75,335.25
1989-11,,,0.0517,0.0389,0.0244,0.0227,,,,,,,,,,,,,,,,,,,,,,,,,,,,,18.91,32.07,126.35,170.94,,,,,,,,,,24.11,67.89,135.76,202.26,268.75,335.25
1989-12,,,0.0517,0.0389,0.0244,0.0227,,,,,,,,,,,,,,,,,,,,,,,,,,,,,18.91,32.07,126.35,170.94,,,,,,,,,,24.11,67.89,135.76,202.26,268.75,335.25
1990-01,0.3399,0.2232,0.0528,0.04,0.0252,0.0235,,,,,,,,,,,,,,,,,,,,,,,,,,,,,18.96,32.07,128.39,173.3,,,,,,,,,,23.98,63.96,125.84,186.74,247.63,317.67
1990-02,0.3399,0.2232,0.0528,0.04,0.0252,0.0235,,,,,,,,,,,,,,,,,,,,,,,,,,,,,18.96,32.07,128.39,173.3,,,,,,,,,,23.98,63.96,125.84,186.74,247.63,317.67
1990-03,0.3399,0.2232,0.0528,0.04,0.0252,0.0235,,,,,,,,,,,,,,,,,,,,,,,,,,,,,18.96,32.07,128.39,173.3,,,,,,,,,,23.98,63.96,125.84,186.74,247.63,317.67
1990-04,0.3399,0.2232,0.0528,0.04,0.0252,0.0235,,,,,,,,,,,,,,,,,,,,,,,,,,,,,18.96,32.07,128.39,173.3,,,,,,,,,,23.98,63.96,125.84,186.74,247.63,317.67
1990-05,0.3399,0.2232,0.0528,0.04,0.0252,0.0235,,,,,,,,,,,,,,,,,,,,,,,,,,,,,18.96,32.07,128.39,173.3,,,,,,,,,,23.98,63.96,125.84,186.74,247.63,317.67
1990-06,0.3399,0.2232,0.0528,0.04,0.0252,0.0235,,,,,,,,,,,,,,,,,,,,,,,,,,,,,18.96,32.07,128.39,173.3,,,,,,,,,,23.98,63.96,125.84,186.74,247.63,317.67
1990-07,0.3399,0.2232,0.0528,0.04,0.0252,0.0235,,,,,,,,,,,,,,,,,,,,,,,,,,,,,18.96,32.07,128.39,173.3,,,,,,,,,,23.98,63.96,125.84,186.74,247.63,317.67
1990-08,0.3399,0.2232,0.0528,0.04,0.0252,0.0235,,,,,,,,,,,,,,,,,,,,,,,,,,,,,18.96,32.07,128.39,173.3,,,,,,,,,,23.98,63.96,125.84,186.74,247.63,317.67
1990-09,0.3399,0.2232,0.0528,0.04,0.0252,0.0235,,,,,,,,,,,,,,,,,,,,,,,,,,,,,18.96,32.07,128.39,173.3,,,,,,,,,,23.98,63.96,125.84,186.74,247.63,317.67
1990-10,0.3399,0.2232,0.0528,0.04,0.0252,0.0235,,,,,,,,,,,,,,,,,,,,,,,,,,,,,18.96,32.07,128.39,173.3,,,,,,,,,,23.98,63.96,125.84,186.74,247.63,317.67
1990-11,0.3399,0.2232,0.0528,0.04,0.0252,0.0235,,,,,,,,,,,,,,,,,,,,,,,,,,,,,18.96,32.07,128.39,173.3,,,,,,,,,,23.98,63.96,125.84,186.74,247.63,317.67
1990-12,0.3399,0.2232,0.0528,0.04,0.0252,0.0235,,,,,,,,,,,,,,,,,,,,,,,,,,,,,18.96,32.07,128.39,173.3,,,,,,,,,,23.98,63.96,125.84,186.74,247.63,317.67
1991-01,0.3499,0.2307,0.0538,0.0421,0.0271,0.0254,,,,,,,,,,,,,,,,,,,,,,,,,,,,,20.15,32.07,129.34,175.57,,,,,,,,,,24.89,65.18,126.41,186.8,247.19,309.86
1991-02,0.3499,0.2307,0.0538,0.0421,0.0271,0.0254,,,,,,,,,,,,,,,,,,,,,,,,,,,,,20.15,32.07,129.34,175.57,,,,,,,,,,24.89,65.18,126.41,186.8,247.19,309.86
1991-03,0.3499,0.2307,0.0538,0.0421,0.0271,0.0254,,,,,,,,,,,,,,,,,,,,,,,,,,,,,20.15,32.07,129.34,175.57,,,,,,,,,,24.89,65.18,126.41,186.8,247.19,309.86
1991-04,0.3499,0.2307,0.0538,0.0421,0.0271,0.0254,,,,,,,,,,,,,,,,,,,,,,,,,,,,,20.15,32.07,129.34,175.57,,,,,,,,,,24.89,65.18,126.41,186.8,247.19,309.86
1991-05,0.3499,0.2307,0.0538,0.0421,0.0271,0.0254,,,,,,,,,,,,,,,,,,,,,,,,,,,,,20.15,32.07,129.34,175.57,,,,,,,,,,24.89,65.18,126.41,186.8,247.19,309.86
1991-06,0.3499,0.2307,0.0538,0.0421,0.0271,0.0254,,,,,,,,,,,,,,,,,,,,,,,,,,,,,20.15,32.07,129.34,175.57,,,,,,,,,,24.89,65.18,126.41,186.8,247.19,309.86
1991-07,0.3499,0.2307,0.0538,0.0421,0.0271,0.0254,,,,,,,,,,,,,,,,,,,,,,,,,,,,,20.15,32.07,129.34,175.57,,,,,,,,,,24.89,65.18,126.41,186.8,247.19,309.86
1991-08,0.3499,0.2307,0.0538,0.0421,0.0271,0.0254,,,,,,,,,,,,,,,,,,,,,,,,,,,,,20.15,32.07,129.34,175.57,,,,,,,,,,24.89,65.18,126.41,186.8,247.19,309.86
1991-09,0.3499,0.2307,0.0538,0.0421,0.0271,0.0254,,,,,,,,,,,,,,,,,,,,,,,,,,,,,20.15,32.07,129.34,175.57,,,,,,,,,,24.89,65.18,126.41,186.8,247.19,309.86
1991-10,0.3499,0.2307,0.0538,0.0421,0.0271,0.0254,,,,,,,,,,,,,,,,,,,,,,,,,,,,,20.15,32.07,129.34,175.57,,,,,,,,,,24.89,65.18,126.41,186.8,247.19,309.86
1991-11,0.3499,0.2307,0.0538,0.0421,0.0271,0.0254,,,,,,,,,,,,,,,,,,,,,,,,,,,,,20.15,32.07,129.34,175.57,,,,,,,,,,24.89,65.18,126.41,186.8,247.19,309.86
1991-12,0.3499,0.2307,0.0538,0.0421,0.0271,0.0254,,,,,,,,,,,,,,,,,,,,,,,,,,,,,20.15,32.07,129.34,175.57,,,,,,,,,,24.89,65.18,126.41,186.8,247.19,309.86
1992-01,0.3121,0.1979,0.0526,0.0414,0.0269,0.0253,,,,,,,,,,,,,,,,,,,,,,,,,,,,,20.5,32.07,122.33,169.32,,,,,,,,,,25.52,66.08,127.72,188.48,249.25,310.02
1992-02,0.3121,0.1979,0.0526,0.0414,0.0269,0.0253,,,,,,,,,,,,,,,,,,,,,,,,,,,,,20.5,32.07,122.33,169.32,,,,,,,,,,25.52,66.08,127.72,188.48,249.25,310.02
1992-03,0.3121,0.1979,0.0526,0.0414,0.0269,0.0253,,,,,,,,,,,,,,,,,,,,,,,,,,,,,20.5,32.07,122.33,169.32,,,,,,,,,,25.52,66.08,127.72,188.48,249.25,310.02
1992-04,0.3121,0.1979,0.0526,0.0414,0.0269,0.0253,,,,,,,,,,,,,,,,,,,,,,,,,,,,,20.5,32.07,122.33,169.32,,,,,,,,,,25.52,66.08,127.72,188.48,249.25,310.02
1992-05,0.3121,0.1979,0.0526,0.0414,0.0269,0.0253,,,,,,,,,,,,,,,,,,,,,,,,,,,,,20.5,32.07,122.33,169.32,,,,,,,,,,25.52,66.08,127.72,188.48,249.25,310.02
1992-06,0.3121,0.1979,0.0526,0.0414,0.0269,0.0253,,,,,,,,,,,,,,,,,,,,,,,,,,,,,20.5,32.07,122.33,169.32,,,,,,,,,,25.52,66.08,127.72,188.48,249.25,310.02
1992-07,0.3121,0.1979,0.0526,0.0414,0.0269,0.0253,,,,,,,,,,,,,,,,,,,,,,,,,,,,,20.5,32.07,122.33,169.32,,,,,,,,,,25.52,66.08,127.72,188.48,249.25,310.02
1992-08,0.3121,0.1979,0.0526,0.0414,0.0269,0.0253,,,,,,,,,,,,,,,,,,,,,,,,,,,,,20.5,32.07,122.33,169.32,,,,,,,,,,25.52,66.08,127.72,188.48,249.25,310.02
1992-09,0.3121,0.1979,0.0526,0.0414,0.0269,0.0253,,,,,,,,,,,,,,,,,,,,,,,,,,,,,20.5,32.07,122.33,169.32,,,,,,,,,,25.52,66.08,127.72,188.48,249.25,310.02
1992-10,0.3121,0.1979,0.0526,0.0414,0.0269,0.0253,,,,,,,,,,,,,,,,,,,,,,,,,,,,,20.5,32.07,122.33,169.32,,,,,,,,,,25.52,66.08,127.72,188.48,249.25,310.02
1992-11,0.3121,0.1979,0.0526,0.0414,0.0269,0.0253,,,,,,,,,,,,,,,,,,,,,,,,,,,,,20.5,32.07,122.33,169.32,,,,,,,,,,25.52,66.08,127.72,188.48,249.25,310.02
1992-12,0.3121,0.1979,0.0526,0.0414,0.0269,0.0253,,,,,,,,,,,,,,,,,,,,,,,,,,,,,20.5,32.07,122.33,169.32,,,,,,,,,,25.52,66.08,127.72,188.48,249.25,310.02
1993-01,0.3189,0.1993,0.05139999999999999,0.0404,0.0264,0.0248,,,,,,,,,,,,,,,,,,,,,,,,,,,,,20.34,32.07,117.8,165.03,,,,,,,,,,25.68,65.42,129.98,193.51,257.04,320.56
1993-02,0.3189,0.1993,0.05139999999999999,0.0404,0.0264,0.0248,,,,,,,,,,,,,,,,,,,,,,,,,,,,,20.34,32.07,117.8,165.03,,,,,,,,,,25.68,65.42,129.98,193.51,257.04,320.56
1993-03,0.3189,0.1993,0.05139999999999999,0.0404,0.0264,0.0248,,,,,,,,,,,,,,,,,,,,,,,,,,,,,20.34,32.07,117.8,165.03,,,,,,,,,,25.68,65.42,129.98,193.51,257.04,320.56
1993-04,0.3189,0.1993,0.05139999999999999,0.0404,0.0264,0.0248,,,,,,,,,,,,,,,,,,,,,,,,,,,,,20.34,32.07,117.8,165.03,,,,,,,,,,25.68,65.42,129.98,193.51,257.04,320.56
1993-05,0.3189,0.1993,0.05139999999999999,0.0404,0.0264,0.0248,,,,,,,,,,,,,,,,,,,,,,,,,,,,,20.34,32.07,117.8,165.03,,,,,,,,,,25.68,65.42,129.98,193.51,257.04,320.56
1993-06,0.3189,0.1993,0.05139999999999999,0.0404,0.0264,0.0248,,,,,,,,,,,,,,,,,,,,,,,,,,,,,20.34,32.07,117.8,165.03,,,,,,,,,,25.68,65.42,129.98,193.51,257.04,320.56
1993-07,0.3189,0.1993,0.05139999999999999,0.0404,0.0264,0.0248,,,,,,,,,,,,,,,,,,,,,,,,,,,,,20.34,32.07,117.8,165.03,,,,,,,,,,25.68,65.42,129.98,193.51,257.04,320.56
1993-08,0.3189,0.1993,0.05139999999999999,0.0404,0.0264,0.0248,,,,,,,,,,,,,,,,,,,,,,,,,,,,,20.34,32.07,117.8,165.03,,,,,,,,,,25.68,65.42,129.98,193.51,257.04,320.56
1993-09,0.3189,0.1993,0.05139999999999999,0.0404,0.0264,0.0248,,,,,,,,,,,,,,,,,,,,,,,,,,,,,20.34,32.07,117.8,165.03,,,,,,,,,,25.68,65.42,129.98,193.51,257.04,320.56
1993-10,0.3189,0.1993,0.05139999999999999,0.0404,0.0264,0.0248,,,,,,,,,,,,,,,,,,,,,,,,,,,,,20.34,32.07,117.8,165.03,,,,,,,,,,25.68,65.42,129.98,193.51,257.04,320.56
1993-11,0.3189,0.1993,0.05139999999999999,0.0404,0.0264,0.0248,,,,,,,,,,,,,,,,,,,,,,,,,,,,,20.34,32.07,117.8,165.03,,,,,,,,,,25.68,65.42,129.98,193.51,257.04,320.56
1993-12,0.3189,0.1993,0.05139999999999999,0.0404,0.0264,0.0248,,,,,,,,,,,,,,,,,,,,,,,,,,,,,20.34,32.07,117.8,165.03,,,,,,,,,,25.68,65.42,129.98,193.51,257.04,320.56
1994-01,0.3106,0.1877,0.0504,0.0397,0.0261,0.0245,,,,,,,,,,,,,,,,,,,,,,,,,,,,,20.27,31.67,115.23,162.39,,,,,,,,,,25.82,65.6,132.5,198.29,264.09,329.88
1994-02,0.3106,0.1877,0.0504,0.0397,0.0261,0.0245,,,,,,,,,,,,,,,,,,,,,,,,,,,,,20.27,31.67,115.23,162.39,,,,,,,,,,25.82,65.6,132.5,198.29,264.09,329.88
1994-03,0.3106,0.1877,0.0504,0.0397,0.0261,0.0245,,,,,,,,,,,,,,,,,,,,,,,,,,,,,20.27,31.67,115.23,162.39,,,,,,,,,,25.82,65.6,132.5,198.29,264.09,329.88
1994-04,0.3106,0.1877,0.0504,0.0397,0.0261,0.0245,,,,,,,,,,,,,,,,,,,,,,,,,,,,,20.27,31.67,115.23,162.39,,,,,,,,,,25.82,65.6,132.5,198.29,264.09,329.88
1994-05,0.3106,0.1877,0.0504,0.0397,0.0261,0.0245,,,,,,,,,,,,,,,,,,,,,,,,,,,,,20.27,31.67,115.23,162.39,,,,,,,,,,25.82,65.6,132.5,198.29,264.09,329.88
1994-06,0.3106,0.1877,0.0504,0.0397,0.0261,0.0245,,,,,,,,,,,,,,,,,,,,,,,,,,,,,20.27,31.67,115.23,162.39,,,,,,,,,,25.82,65.6,132.5,198.29,264.09,329.88
1994-07,0.3106,0.1877,0.0504,0.0397,0.0261,0.0245,,,,,,,,,,,,,,,,,,,,,,,,,,,,,20.27,31.67,115.23,162.39,,,,,,,,,,25.82,65.6,132.5,198.29,264.09,329.88
1994-08,0.3106,0.1877,0.0504,0.0397,0.0261,0.0245,,,,,,,,,,,,,,,,,,,,,,,,,,,,,20.27,31.67,115.23,162.39,,,,,,,,,,25.82,65.6,132.5,198.29,264.09,329.88
1994-09,0.3106,0.1877,0.0504,0.0397,0.0261,0.0245,,,,,,,,,,,,,,,,,,,,,,,,,,,,,20.27,31.67,115.23,162.39,,,,,,,,,,25.82,65.6,132.5,198.29,264.09,329.88
1994-10,0.3106,0.1877,0.0504,0.0397,0.0261,0.0245,,,,,,,,,,,,,,,,,,,,,,,,,,,,,20.27,31.67,115.23,162.39,,,,,,,,,,25.82,65.6,132.5,198.29,264.09,329.88
1994-11,0.3106,0.1877,0.0504,0.0397,0.0261,0.0245,,,,,,,,,,,,,,,,,,,,,,,,,,,,,20.27,31.67,115.23,162.39,,,,,,,,,,25.82,65.6,132.5,198.29,264.09,329.88
1994-12,0.3106,0.1877,0.0504,0.0397,0.0261,0.0245,,,,,,,,,,,,,,,,,,,,,,,,,,,,,20.27,31.67,115.23,162.39,,,,,,,,,,25.82,65.6,132.5,198.29,264.09,329.88
1995-01,0.3047,0.1797,0.04969999999999999,0.0393,0.0259,0.0243,,,,,,,,,,,,,,,,,,,,,,,,,,,,,20.38,31.7,114.75,162.21,,,,,,,,,,25.74,65.42,132.4,198.28,264.15,330.03
1995-02,0.3047,0.1797,0.04969999999999999,0.0393,0.0259,0.0243,,,,,,,,,,,,,,,,,,,,,,,,,,,,,20.38,31.7,114.75,162.21,,,,,,,,,,25.74,65.42,132.4,198.28,264.15,330.03
1995-03,0.3047,0.1797,0.04969999999999999,0.0393,0.0259,0.0243,,,,,,,,,,,,,,,,,,,,,,,,,,,,,20.38,31.7,114.75,162.21,,,,,,,,,,25.74,65.42,132.4,198.28,264.15,330.03
1995-04,0.3047,0.1797,0.04969999999999999,0.0393,0.0259,0.0243,,,,,,,,,,,,,,,,,,,,,,,,,,,,,20.38,31.7,114.75,162.21,,,,,,,,,,25.74,65.42,132.4,198.28,264.15,330.03
1995-05,0.3047,0.1797,0.04969999999999999,0.0393,0.0259,0.0243,,,,,,,,,,,,,,,,,,,,,,,,,,,,,20.38,31.7,114.75,162.21,,,,,,,,,,25.74,65.42,132.4,198.28,264.15,330.03
1995-06,0.3047,0.1797,0.04969999999999999,0.0393,0.0259,0.0243,,,,,,,,,,,,,,,,,,,,,,,,,,,,,20.38,31.7,114.75,162.21,,,,,,,,,,25.74,65.42,132.4,198.28,264.15,330.03
1995-07,0.3047,0.1797,0.04969999999999999,0.0393,0.0259,0.0243,,,,,,,,,,,,,,,,,,,,,,,,,,,,,20.38,31.7,114.75,162.21,,,,,,,,,,25.74,65.42,132.4,198.28,264.15,330.03
1995-08,0.3047,0.1797,0.04969999999999999,0.0393,0.0259,0.0243,,,,,,,,,,,,,,,,,,,,,,,,,,,,,20.38,31.7,114.75,162.21,,,,,,,,,,25.74,65.42,132.4,198.28,264.15,330.03
1995-09,0.3047,0.1797,0.04969999999999999,0.0393,0.0259,0.0243,,,,,,,,,,,,,,,,,,,,,,,,,,,,,20.38,31.7,114.75,162.21,,,,,,,,,,25.74,65.42,132.4,198.28,264.15,330.03
1995-10,0.3047,0.1797,0.04969999999999999,0.0393,0.0259,0.0243,,,,,,,,,,,,,,,,,,,,,,,,,,,,,20.38,31.7,114.75,162.21,,,,,,,,,,25.74,65.42,132.4,198.28,264.15,330.03
1995-11,0.3047,0.1797,0.04969999999999999,0.0393,0.0259,0.0243,,,,,,,,,,,,,,,,,,,,,,,,,,,,,20.38,31.7,114.75,162.21,,,,,,,,,,25.74,65.42,132.4,198.28,264.15,330.03
1995-12,0.3047,0.1797,0.04969999999999999,0.0393,0.0259,0.0243,,,,,,,,,,,,,,,,,,,,,,,,,,,,,20.38,31.7,114.75,162.21,,,,,,,,,,25.74,65.42,132.4,198.28,264.15,330.03
1996-01,0.3344,0.2005,0.0499,0.0394,0.026,0.0244,,,,,,,,,,,,,,,,,,,,,,,,,,,,,20.51,31.91,115.54,163.56,,,,,,,,,,25.99,66.06,133.69,200.21,266.73,333.26
1996-02,0.3344,0.2005,0.0499,0.0394,0.026,0.0244,,,,,,,,,,,,,,,,,,,,,,,,,,,,,20.51,31.91,115.54,163.56,,,,,,,,,,25.99,66.06,133.69,200.21,266.73,333.26
1996-03,0.3344,0.2005,0.0499,0.0394,0.026,0.0244,,,,,,,,,,,,,,,,,,,,,,,,,,,,,20.51,31.91,115.54,163.56,,,,,,,,,,25.99,66.06,133.69,200.21,266.73,333.26
1996-04,0.3344,0.2005,0.0499,0.0394,0.026,0.0244,,,,,,,,,,,,,,,,,,,,,,,,,,,,,20.51,31.91,115.54,163.56,,,,,,,,,,25.99,66.06,133.69,200.21,266.73,333.26
1996-05,0.3344,0.2005,0.0499,0.0394,0.026,0.0244,,,,,,,,,,,,,,,,,,,,,,,,,,,,,20.51,31.91,115.54,163.56,,,,,,,,,,25.99,66.06,133.69,200.21,266.73,333.26
1996-06,0.3344,0.2005,0.0499,0.0394,0.026,0.0244,,,,,,,,,,,,,,,,,,,,,,,,,,,,,20.51,31.91,115.54,163.56,,,,,,,,,,25.99,66.06,133.69,200.21,266.73,333.26
1996-07,0.3344,0.2005,0.0499,0.0394,0.026,0.0244,,,,,,,,,,,,,,,,,,,,,,,,,,,,,20.51,31.91,115.54,163.56,,,,,,,,,,25.99,66.06,133.69,200.21,266.73,333.26
1996-08,0.3344,0.2005,0.0499,0.0394,0.026,0.0244,,,,,,,,,,,,,,,,,,,,,,,,,,,,,20.51,31.91,115.54,163.56,,,,,,,,,,25.99,66.06,133.69,200.21,266.73,333.26
1996-09,0.3344,0.2005,0.0499,0.0394,0.026,0.0244,,,,,,,,,,,,,,,,,,,,,,,,,,,,,20.51,31.91,115.54,163.56,,,,,,,,,,25.99,66.06,133.69,200.21,266.73,333.26
1996-10,0.3344,0.2005,0.0499,0.0394,0.026,0.0244,,,,,,,,,,,,,,,,,,,,,,,,,,,,,20.51,31.91,115.54,163.56,,,,,,,,,,25.99,66.06,133.69,200.21,266.73,333.26
1996-11,0.3344,0.2005,0.0499,0.0394,0.026,0.0244,,,,,,,,,,,,,,,,,,,,,,,,,,,,,20.51,31.91,115.54,163.56,,,,,,,,,,25.99,66.06,133.69,200.21,266.73,333.26
1996-12,0.3344,0.2005,0.0499,0.0394,0.026,0.0244,,,,,,,,,,,,,,,,,,,,,,,,,,,,,20.51,31.91,115.54,163.56,,,,,,,,,,25.99,66.06,133.69,200.21,266.73,333.26
1997-01,0.3513,0.2128,0.0518,0.04099999999999999,0.0271,0.0254,,,,,,,,,,,,,,,,,,,,,,,,,,,,,21.35,33.1,120.09,169.98,,,,,,,,,,25.99,66.06,133.69,197.02,260.35,323.68
1997-02,0.3513,0.2128,0.0518,0.04099999999999999,0.0271,0.0254,,,,,,,,,,,,,,,,,,,,,,,,,,,,,21.35,33.1,120.09,169.98,,,,,,,,,,25.99,66.06,133.69,197.02,260.35,323.68
1997-03,0.3513,0.2128,0.0518,0.04099999999999999,0.0271,0.0254,,,,,,,,,,,,,,,,,,,,,,,,,,,,,21.35,33.1,120.09,169.98,,,,,,,,,,25.99,66.06,133.69,197.02,260.35,323.68
1997-04,0.3513,0.2128,0.0518,0.04099999999999999,0.0271,0.0254,,,,,,,,,,,,,,,,,,,,,,,,,,,,,21.35,33.1,120.09,169.98,,,,,,,,,,25.99,66.06,133.69,197.02,260.35,323.68
1997-05,0.3513,0.2128,0.0518,0.04099999999999999,0.0271,0.0254,,,,,,,,,,,,,,,,,,,,,,,,,,,,,21.35,33.1,120.09,169.98,,,,,,,,,,25.99,66.06,133.69,197.02,260.35,323.68
1997-06,0.3513,0.2128,0.0518,0.04099999999999999,0.0271,0.0254,,,,,,,,,,,,,,,,,,,,,,,,,,,,,21.35,33.1,120.09,169.98,,,,,,,,,,25.99,66.06,133.69,197.02,260.35,323.68
1997-07,0.3513,0.2128,0.0518,0.04099999999999999,0.0271,0.0254,,,,,,,,,,,,,,,,,,,,,,,,,,,,,21.35,33.1,120.09,169.98,,,,,,,,,,25.99,66.06,133.69,197.02,260.35,323.68
1997-08,0.3513,0.2128,0.0518,0.04099999999999999,0.0271,0.0254,,,,,,,,,,,,,,,,,,,,,,,,,,,,,21.35,33.1,120.09,169.98,,,,,,,,,,25.99,66.06,133.69,197.02,260.35,323.68
1997-09,0.3513,0.2128,0.0518,0.04099999999999999,0.0271,0.0254,,,,,,,,,,,,,,,,,,,,,,,,,,,,,21.35,33.1,120.09,169.98,,,,,,,,,,25.99,66.06,133.69,197.02,260.35,323.68
1997-10,0.3513,0.2128,0.0518,0.04099999999999999,0.0271,0.0254,,,,,,,,,,,,,,,,,,,,,,,,,,,,,21.35,33.1,120.09,169.98,,,,,,,,,,25.99,66.06,133.69,197.02,260.35,323.68
1997-11,0.3513,0.2128,0.0518,0.04099999999999999,0.0271,0.0254,,,,,,,,,,,,,,,,,,,,,,,,,,,,,21.35,33.1,120.09,169.98,,,,,,,,,,25.99,66.06,133.69,197.02,260.35,323.68
1997-12,0.3513,0.2128,0.0518,0.04099999999999999,0.0271,0.0254,,,,,,,,,,,,,,,,,,,,,,,,,,,,,21.35,33.1,120.09,169.98,,,,,,,,,,25.99,66.06,133.69,197.02,260.35,323.68
1998-01,0.3011,0.1703,0.05230000000000001,0.0415,0.0274,0.0257,,,,,,,,,,,,,,,,,,,,,,,,,,,,,21.61,33.38,121.45,171.49,,,,,,,,,,25.99,66.06,133.82,193.72,253.61,313.51
1998-02,0.3011,0.1703,0.05230000000000001,0.0415,0.0274,0.0257,,,,,,,,,,,,,,,,,,,,,,,,,,,,,21.61,33.38,121.45,171.49,,,,,,,,,,25.99,66.06,133.82,193.72,253.61,313.51
1998-03,0.3011,0.1703,0.05230000000000001,0.0415,0.0274,0.0257,,,,,,,,,,,,,,,,,,,,,,,,,,,,,21.61,33.38,121.45,171.49,,,,,,,,,,25.99,66.06,133.82,193.72,253.61,313.51
1998-04,0.3011,0.1703,0.05230000000000001,0.0415,0.0274,0.0257,,,,,,,,,,,,,,,,,,,,,,,,,,,,,21.61,33.38,121.45,171.49,,,,,,,,,,25.99,66.06,133.82,193.72,253.61,313.51
1998-05,0.3011,0.1703,0.05230000000000001,0.0415,0.0274,0.0257,,,,,,,,,,,,,,,,,,,,,,,,,,,,,21.61,33.38,121.45,171.49,,,,,,,,,,25.99,66.06,133.82,193.72,253.61,313.51
1998-06,0.3011,0.1703,0.05230000000000001,0.0415,0.0274,0.0257,,,,,,,,,,,,,,,,,,,,,,,,,,,,,21.61,33.38,121.45,171.49,,,,,,,,,,25.99,66.06,133.82,193.72,253.61,313.51
1998-07,0.3011,0.1703,0.05230000000000001,0.0415,0.0274,0.0257,,,,,,,,,,,,,,,,,,,,,,,,,,,,,21.61,33.38,121.45,171.49,,,,,,,,,,25.99,66.06,133.82,193.72,253.61,313.51
1998-08,0.3011,0.1703,0.05230000000000001,0.0415,0.0274,0.0257,,,,,,,,,,,,,,,,,,,,,,,,,,,,,21.61,33.38,121.45,171.49,,,,,,,,,,25.99,66.06,133.82,193.72,253.61,313.51
1998-09,0.3011,0.1703,0.05230000000000001,0.0415,0.0274,0.0257,,,,,,,,,,,,,,,,,,,,,,,,,,,,,21.61,33.38,121.45,171.49,,,,,,,,,,25.99,66.06,133.82,193.72,253.61,313.51
1998-10,0.3011,0.1703,0.05230000000000001,0.0415,0.0274,0.0257,,,,,,,,,,,,,,,,,,,,,,,,,,,,,21.61,33.38,121.45,171.49,,,,,,,,,,25.99,66.06,133.82,193.72,253.61,313.51
1998-11,0.3011,0.1703,0.05230000000000001,0.0415,0.0274,0.0257,,,,,,,,,,,,,,,,,,,,,,,,,,,,,21.61,33.38,121.45,171.49,,,,,,,,,,25.99,66.06,133.82,193.72,253.61,313.51
1998-12,0.3011,0.1703,0.05230000000000001,0.0415,0.0274,0.0257,,,,,,,,,,,,,,,,,,,,,,,,,,,,,21.61,33.38,121.45,171.49,,,,,,,,,,25.99,66.06,133.82,193.72,253.61,313.51
1999-01,0.3285,0.1923,0.0496,0.0394,0.0259,0.0244,,,,,,,,,,,,,,,,,,,,,,,,,,,,,17.96,27.71,100.8,142.21,,,,,,,,,,22.74,57.79,116.42,167.33,218.25,269.16
1999-02,0.3285,0.1923,0.0496,0.0394,0.0259,0.0244,,,,,,,,,,,,,,,,,,,,,,,,,,,,,17.96,27.71,100.8,142.21,,,,,,,,,,22.74,57.79,116.42,167.33,218.25,269.16
1999-03,0.3285,0.1923,0.0496,0.0394,0.0259,0.0244,,,,,,,,,,,,,,,,,,,,,,,,,,,,,17.96,27.71,100.8,142.21,,,,,,,,,,22.74,57.79,116.42,167.33,218.25,269.16
1999-04,0.3285,0.1923,0.0496,0.0394,0.0259,0.0244,,,,,,,,,,,,,,,,,,,,,,,,,,,,,17.96,27.71,100.8,142.21,,,,,,,,,,22.74,57.79,116.42,167.33,218.25,269.16
1999-05,0.3285,0.1923,0.0496,0.0394,0.0259,0.0244,,,,,,,,,,,,,,,,,,,,,,,,,,,,,17.96,27.71,100.8,142.21,,,,,,,,,,22.74,57.79,116.42,167.33,218.25,269.16
1999-06,0.3285,0.1923,0.0496,0.0394,0.0259,0.0244,,,,,,,,,,,,,,,,,,,,,,,,,,,,,17.96,27.71,100.8,142.21,,,,,,,,,,22.74,57.79,116.42,167.33,218.25,269.16
1999-07,0.3285,0.1923,0.0496,0.0394,0.0259,0.0244,,,,,,,,,,,,,,,,,,,,,,,,,,,,,17.96,27.71,100.8,142.21,,,,,,,,,,22.74,57.79,116.42,167.33,218.25,269.16
1999-08,0.3285,0.1923,0.0496,0.0394,0.0259,0.0244,,,,,,,,,,,,,,,,,,,,,,,,,,,,,17.96,27.71,100.8,142.21,,,,,,,,,,22.74,57.79,116.42,167.33,218.25,269.16
1999-09,0.3285,0.1923,0.0496,0.0394,0.0259,0.0244,,,,,,,,,,,,,,,,,,,,,,,,,,,,,17.96,27.71,100.8,142.21,,,,,,,,,,22.74,57.79,116.42,167.33,218.25,269.16
1999-10,0.3285,0.1923,0.0496,0.0394,0.0259,0.0244,,,,,,,,,,,,,,,,,,,,,,,,,,,,,17.96,27.71,100.8,142.21,,,,,,,,,,22.74,57.79,116.42,167.33,218.25,269.16
1999-11,0.3285,0.1923,0.0496,0.0394,0.0259,0.0244,,,,,,,,,,,,,,,,,,,,,,,,,,,,,17.96,27.71,100.8,142.21,,,,,,,,,,22.74,57.79,116.42,167.33,218.25,269.16
1999-12,0.3285,0.1923,0.0496,0.0394,0.0259,0.0244,,,,,,,,,,,,,,,,,,,,,,,,,,,,,17.96,27.71,100.8,142.21,,,,,,,,,,22.74,57.79,116.42,167.33,218.25,269.16
2000-01,0.4628,0.319,0.0515,0.04099999999999999,0.0271,0.0254,,,,,,,,,,,,,,,,,,,,,,,,,,,,,18.92,28.79,104.04,148.68,,,,,,,,,,22.73,57.79,114.85,164.88,214.91,264.93
2000-02,0.4628,0.319,0.0515,0.04099999999999999,0.0271,0.0254,,,,,,,,,,,,,,,,,,,,,,,,,,,,,18.92,28.79,104.04,148.68,,,,,,,,,,22.73,57.79,114.85,164.88,214.91,264.93
2000-03,0.4628,0.319,0.0515,0.04099999999999999,0.0271,0.0254,,,,,,,,,,,,,,,,,,,,,,,,,,,,,18.92,28.79,104.04,148.68,,,,,,,,,,22.73,57.79,114.85,164.88,214.91,264.93
2000-04,0.4628,0.319,0.0515,0.04099999999999999,0.0271,0.0254,,,,,,,,,,,,,,,,,,,,,,,,,,,,,18.92,28.79,104.04,148.68,,,,,,,,,,22.73,57.79,114.85,164.88,214.91,264.93
2000-05,0.4628,0.319,0.0515,0.04099999999999999,0.0271,0.0254,,,,,,,,,,,,,,,,,,,,,,,,,,,,,18.92,28.79,104.04,148.68,,,,,,,,,,22.73,57.79,114.85,164.88,214.91,264.93
2000-06,0.4628,0.319,0.0515,0.04099999999999999,0.0271,0.0254,,,,,,,,,,,,,,,,,,,,,,,,,,,,,18.92,28.79,104.04,148.68,,,,,,,,,,22.73,57.79,114.85,164.88,214.91,264.93
2000-07,0.4628,0.319,0.0515,0.04099999999999999,0.0271,0.0254,,,,,,,,,,,,,,,,,,,,,,,,,,,,,18.92,28.79,104.04,148.68,,,,,,,,,,22.73,57.79,114.85,164.88,214.91,264.93
2000-08,0.4628,0.319,0.0515,0.04099999999999999,0.0271,0.0254,,,,,,,,,,,,,,,,,,,,,,,,,,,,,18.92,28.79,104.04,148.68,,,,,,,,,,22.73,57.79,114.85,164.88,214.91,264.93
2000-09,0.4628,0.319,0.0515,0.04099999999999999,0.0271,0.0254,,,,,,,,,,,,,,,,,,,,,,,,,,,,,18.92,28.79,104.04,148.68,,,,,,,,,,22.73,57.79,114.85,164.88,214.91,264.93
2000-10,0.4628,0.319,0.0515,0.04099999999999999,0.0271,0.0254,,,,,,,,,,,,,,,,,,,,,,,,,,,,,18.92,28.79,104.04,148.68,,,,,,,,,,22.73,57.79,114.85,164.88,214.91,264.93
2000-11,0.4628,0.319,0.0515,0.04099999999999999,0.0271,0.0254,,,,,,,,,,,,,,,,,,,,,,,,,,,,,18.92,28.79,104.04,148.68,,,,,,,,,,22.73,57.79,114.85,164.88,214.91,264.93
2000-12,0.4628,0.319,0.0515,0.04099999999999999,0.0271,0.0254,,,,,,,,,,,,,,,,,,,,,,,,,,,,,18.92,28.79,104.04,148.68,,,,,,,,,,22.73,57.79,114.85,164.88,214.91,264.93
2001-01,0.3934,0.2889,0.0595,0.0484,0.0328,0.0308,,,,,,,,,,,,,,,,,,,,,,,,,,,,,22.86,32.96,116.6,171.6,,,,,,,,,,22.8,57.98,114.57,164.46,214.34,264.22
2001-02,0.3934,0.2889,0.0595,0.0484,0.0328,0.0308,,,,,,,,,,,,,,,,,,,,,,,,,,,,,22.86,32.96,116.6,171.6,,,,,,,,,,22.8,57.98,114.57,164.46,214.34,264.22
2001-03,0.3934,0.2889,0.0595,0.0484,0.0328,0.0308,,,,,,,,,,,,,,,,,,,,,,,,,,,,,22.86,32.96,116.6,171.6,,,,,,,,,,22.8,57.98,114.57,164.46,214.34,264.22
2001-04,0.3934,0.2889,0.0595,0.0484,0.0328,0.0308,,,,,,,,,,,,,,,,,,,,,,,,,,,,,22.86,32.96,116.6,171.6,,,,,,,,,,22.8,57.98,114.57,164.46,214.34,264.22
2001-05,0.3934,0.2889,0.0595,0.0484,0.0328,0.0308,,,,,,,,,,,,,,,,,,,,,,,,,,,,,22.86,32.96,116.6,171.6,0.095,0.0779,0.0779,0.0779,0.0779,0.0779,0.0779,0.0779,0.0779,22.8,57.98,114.57,164.46,214.34,264.22
2001-06,0.3934,0.2889,0.0595,0.0484,0.0328,0.0308,,,,,,,,,,,,,,,,,,,,,,,,,,,,,22.86,32.96,116.6,171.6,0.095,0.0779,0.0779,0.0779,0.0779,0.0779,0.0779,0.0779,0.0779,22.8,57.98,114.57,164.46,214.34,264.22
2001-07,0.3934,0.2889,0.0595,0.0484,0.0328,0.0308,,,,,,,,,,,,,,,,,,,,,,,,,,,,,22.86,32.96,116.6,171.6,0.095,0.0779,0.0779,0.0779,0.0779,0.0779,0.0779,0.0779,0.0779,22.8,57.98,114.57,164.46,214.34,264.22
2001-08,0.3934,0.2889,0.0595,0.0484,0.0328,0.0308,,,,,,,,,,,,,,,,,,,,,,,,,,,,,22.86,32.96,116.6,171.6,0.095,0.0779,0.0779,0.0779,0.0779,0.0779,0.0779,0.0779,0.0779,22.8,57.98,114.57,164.46,214.34,264.22
2001-09,0.3934,0.2889,0.0595,0.0484,0.0328,0.0308,,,,,,,,,,,,,,,,,,,,,,,,,,,,,22.86,32.96,116.6,171.6,0.095,0.0779,0.0779,0.0779,0.0779,0.0779,0.0779,0.0779,0.0779,22.8,57.98,114.57,164.46,214.34,264.22
2001-10,0.3934,0.2889,0.0595,0.0484,0.0328,0.0308,,,,,,,,,,,,,,,,,,,,,,,,,,,,,22.86,32.96,116.6,171.6,0.095,0.0779,0.0779,0.0779,0.0779,0.0779,0.0779,0.0779,0.0779,22.8,57.98,114.57,164.46,214.34,264.22
2001-11,0.3934,0.2889,0.0595,0.0484,0.0328,0.0308,,,,,,,,,,,,,,,,,,,,,,,,,,,,,22.86,32.96,116.6,171.6,0.095,0.0779,0.0779,0.0779,0.0779,0.0779,0.0779,0.0779,0.0779,22.8,57.98,114.57,164.46,214.34,264.22
2001-12,0.3934,0.2889,0.0595,0.0484,0.0328,0.0308,,,,,,,,,,,,,,,,,,,,,,,,,,,,,22.86,32.96,116.6,171.6,0.096,0.0787,0.0787,0.0787,0.0787,0.0787,0.0787,0.0787,0.0787,22.8,57.98,114.57,164.46,214.34,264.22
2002-01,0.3659,0.2572,0.0593,0.0487,0.0329,0.031,,,,,,,,,,,,,,,,,,,,,,,,,,,,,23.58,32.92,116.36,171.89,0.096,0.0787,0.0787,0.0787,0.0787,0.0787,0.0787,0.0787,0.0787,23.16,58.96,116.23,166.77,217.31,267.84
2002-02,0.3659,0.2572,0.0593,0.0487,0.0329,0.031,,,,,,,,,,,,,,,,,,,,,,,,,,,,,23.58,32.92,116.36,171.89,0.096,0.0787,0.0787,0.0787,0.0787,0.0787,0.0787,0.0787,0.0787,23.16,58.96,116.23,166.77,217.31,267.84
2002-03,0.3659,0.2572,0.0593,0.0487,0.0329,0.031,,,,,,,,,,,,,,,,,,,,,,,,,,,,,23.58,32.92,116.36,171.89,0.096,0.0787,0.0787,0.0787,0.0787,0.0787,0.0787,0.0787,0.0787,23.16,58.96,116.23,166.77,217.31,267.84
2002-04,0.3659,0.2572,0.0593,0.0487,0.0329,0.031,,,,,,,,,,,,,,,,,,,,,,,,,,,,,23.58,32.92,116.36,171.89,0.096,0.0787,0.0787,0.0787,0.0787,0.0787,0.0787,0.0787,0.0787,23.16,58.96,116.23,166.77,217.31,267.84
2002-05,0.3659,0.2572,0.0593,0.0487,0.0329,0.031,,,,,,,,,,,,,,,,,,,,,,,,,,,,,23.58,32.92,116.36,171.89,0.096,0.0787,0.0787,0.0787,0.0787,0.0787,0.0787,0.0787,0.0787,23.16,58.96,116.23,166.77,217.31,267.84
2002-06,0.3659,0.2572,0.0593,0.0487,0.0329,0.031,,,,,,,,,,,,,,,,,,,,,,,,,,,,,23.58,32.92,116.36,171.89,0.096,0.0787,0.0787,0.0787,0.0787,0.0787,0.0787,0.0787,0.0787,23.16,58.96,116.23,166.77,217.31,267.84
2002-07,0.3659,0.2572,0.0593,0.0487,0.0329,0.031,,,,,,,,,,,,,,,,,,,,,,,,,,,,,23.58,32.92,116.36,171.89,0.096,0.0787,0.0787,0.0787,0.0787,0.0787,0.0787,0.0787,0.0787,23.16,58.96,116.23,166.77,217.31,267.84
2002-08,0.3659,0.2572,0.0593,0.0487,0.0329,0.031,,,,,,,,,,,,,,,,,,,,,,,,,,,,,23.58,32.92,116.36,171.89,0.096,0.0787,0.0787,0.0787,0.0787,0.0787,0.0787,0.0787,0.0787,23.16,58.96,116.23,166.77,217.31,267.84
2002-09,0.3659,0.2572,0.0593,0.0487,0.0329,0.031,,,,,,,,,,,,,,,,,,,,,,,,,,,,,23.58,32.92,116.36,171.89,0.096,0.0787,0.0787,0.0787,0.0787,0.0787,0.0787,0.0787,0.0787,23.16,58.96,116.23,166.77,217.31,267.84
2002-10,0.3659,0.2572,0.0593,0.0487,0.0329,0.031,,,,,,,,,,,,,,,,,,,,,,,,,,,,,23.58,32.92,116.36,171.89,0.096,0.0787,0.0787,0.0787,0.0787,0.0787,0.0787,0.0787,0.0787,23.16,58.96,116.23,166.77,217.31,267.84
2002-11,0.3659,0.2572,0.0593,0.0487,0.0329,0.031,,,,,,,,,,,,,,,,,,,,,,,,,,,,,23.58,32.92,116.36,171.89,0.096,0.0787,0.0787,0.0787,0.0787,0.0787,0.0787,0.0787,0.0787,23.16,58.96,116.23,166.77,217.31,267.84
2002-12,0.3659,0.2572,0.0593,0.0487,0.0329,0.031,,,,,,,,,,,,,,,,,,,,,,,,,,,,,23.58,32.92,116.36,171.89,0.096,0.0787,0.0787,0.0787,0.0787,0.0787,0.0787,0.0787,0.0787,23.16,58.96,116.23,166.77,217.31,267.84
2003-01,0.3896,0.2692,0.0604,0.04969999999999999,0.0336,0.0315,,,,,,,,,,,,,,,,,,,,,,,,,,,,,24.56,34.39,122.08,179.86,0.0927,0.0754,0.0754,0.0754,0.0754,0.0754,0.0754,0.0754,0.0754,23.51,59.87,118.06,169.44,220.81,272.19
2003-02,0.3896,0.2692,0.0604,0.04969999999999999,0.0336,0.0315,,,,,,,,,,,,,,,,,,,,,,,,,,,,,24.56,34.39,122.08,179.86,0.0927,0.0754,0.0754,0.0754,0.0754,0.0754,0.0754,0.0754,0.0754,23.51,59.87,118.06,169.44,220.81,272.19
2003-03,0.3896,0.2692,0.0604,0.04969999999999999,0.0336,0.0315,,,,,,,,,,,,,,,,,,,,,,,,,,,,,24.56,34.39,122.08,179.86,0.0927,0.0754,0.0754,0.0754,0.0754,0.0754,0.0754,0.0754,0.0754,23.51,59.87,118.06,169.44,220.81,272.19
2003-04,0.3896,0.2692,0.0604,0.04969999999999999,0.0336,0.0315,,,,,,,,,,,,,,,,,,,,,,,,,,,,,24.56,34.39,122.08,179.86,0.0927,0.0754,0.0754,0.0754,0.0754,0.0754,0.0754,0.0754,0.0754,23.51,59.87,118.06,169.44,220.81,272.19
2003-05,0.3896,0.2692,0.0604,0.04969999999999999,0.0336,0.0315,,,,,,,,,,,,,,,,,,,,,,,,,,,,,24.56,34.39,122.08,179.86,0.0927,0.0754,0.0754,0.0754,0.0754,0.0754,0.0754,0.0754,0.0754,23.51,59.87,118.06,169.44,220.81,272.19
2003-06,0.3896,0.2692,0.0604,0.04969999999999999,0.0336,0.0315,,,,,,,,,,,,,,,,,,,,,,,,,,,,,24.56,34.39,122.08,179.86,0.0927,0.0754,0.0754,0.0754,0.0754,0.0754,0.0754,0.0754,0.0754,23.51,59.87,118.06,169.44,220.81,272.19
2003-07,0.3896,0.2692,0.0604,0.04969999999999999,0.0336,0.0315,,,,,,,,,,,,,,,,,,,,,,,,,,,,,24.56,34.39,122.08,179.86,0.0927,0.0754,0.0754,0.0754,0.0754,0.0754,0.0754,0.0754,0.0754,23.51,59.87,118.06,169.44,220.81,272.19
2003-08,0.3896,0.2692,0.0604,0.04969999999999999,0.0336,0.0315,,,,,,,,,,,,,,,,,,,,,,,,,,,,,24.56,34.39,122.08,179.86,0.0955,0.0777,0.0777,0.0777,0.0777,0.0777,0.0777,0.0777,0.0777,23.51,59.87,118.06,169.44,220.81,272.19
2003-09,0.3896,0.2692,0.0604,0.04969999999999999,0.0336,0.0315,,,,,,,,,,,,,,,,,,,,,,,,,,,,,24.56,34.39,122.08,179.86,0.0955,0.0777,0.0777,0.0777,0.0777,0.0777,0.0777,0.0777,0.0777,23.51,59.87,118.06,169.44,220.81,272.19
2003-10,0.3896,0.2692,0.0604,0.04969999999999999,0.0336,0.0315,,,,,,,,,,,,,,,,,,,,,,,,,,,,,24.56,34.39,122.08,179.86,0.0955,0.0777,0.0777,0.0777,0.0777,0.0777,0.0777,0.0777,0.0777,23.51,59.87,118.06,169.44,220.81,272.19
2003-11,0.3896,0.2692,0.0604,0.04969999999999999,0.0336,0.0315,,,,,,,,,,,,,,,,,,,,,,,,,,,,,24.56,34.39,122.08,179.86,0.0955,0.0777,0.0777,0.0777,0.0777,0.0777,0.0777,0.0777,0.0777,23.51,59.87,118.06,169.44,220.81,272.19
2003-12,0.3896,0.2692,0.0604,0.04969999999999999,0.0336,0.0315,,,,,,,,,,,,,,,,,,,,,,,,,,,,,24.56,34.39,122.08,179.86,0.0955,0.0777,0.0777,0.0777,0.0777,0.0777,0.0777,0.0777,0.0777,23.51,59.87,118.06,169.44,220.81,272.19
2004-01,0.45,0.3196,0.059,0.0479,0.0315,0.0294,,,,,,,,,,,,,,,,,,,,,,,,,,,,,25.0,35.11,124.15,183.61,0.0943,0.0765,0.0765,0.0765,0.0765,0.0765,0.0765,0.0765,0.0765,23.86,60.78,119.88,172.1,224.32,276.54
2004-02,0.45,0.3196,0.059,0.0479,0.0315,0.0294,,,,,,,,,,,,,,,,,,,,,,,,,,,,,25.0,35.11,124.15,183.61,0.0943,0.0765,0.0765,0.0765,0.0765,0.0765,0.0765,0.0765,0.0765,23.86,60.78,119.88,172.1,224.32,276.54
2004-03,0.45,0.3196,0.059,0.0479,0.0315,0.0294,,,,,,,,,,,,,,,,,,,,,,,,,,,,,25.0,35.11,124.15,183.61,0.0943,0.0765,0.0765,0.0765,0.0765,0.0765,0.0765,0.0765,0.0765,23.86,60.78,119.88,172.1,224.32,276.54
2004-04,0.45,0.3196,0.059,0.0479,0.0315,0.0294,,,,,,,,,,,,,,,,,,,,,,,,,,,,,25.0,35.11,124.15,183.61,0.0943,0.0765,0.0765,0.0765,0.0765,0.0765,0.0765,0.0765,0.0765,23.86,60.78,119.88,172.1,224.32,276.54
2004-05,0.45,0.3196,0.059,0.0479,0.0315,0.0294,,,,,,,,,,,,,,,,,,,,,,,,,,,,,25.0,35.11,124.15,183.61,0.0943,0.0765,0.0765,0.0765,0.0765,0.0765,0.0765,0.0765,0.0765,23.86,60.78,119.88,172.1,224.32,276.54
2004-06,0.45,0.3196,0.059,0.0479,0.0315,0.0294,,,,,,,,,,,,,,,,,,,,,,,,,,,,,25.0,35.11,124.15,183.61,0.0943,0.0765,0.0765,0.0765,0.0765,0.0765,0.0765,0.0765,0.0765,23.86,60.78,119.88,172.1,224.32,276.54
2004-07,0.45,0.3196,0.059,0.0479,0.0315,0.0294,,,,,,,,,,,,,,,,,,,,,,,,,,,,,25.0,35.11,124.15,183.61,0.0943,0.0765,0.0765,0.0765,0.0765,0.0765,0.0765,0.0765,0.0765,23.86,60.78,119.88,172.1,224.32,276.54
2004-08,0.45,0.3196,0.059,0.0479,0.0315,0.0294,,,,,,,,,,,,,,,,,,,,,,,,,,,,,25.0,35.11,124.15,183.61,0.0943,0.0765,0.0765,0.0765,0.0765,0.0765,0.0765,0.0765,0.0765,23.86,60.78,119.88,172.1,224.32,276.54
2004-09,0.45,0.3196,0.059,0.0479,0.0315,0.0294,,,,,,,,,,,,,,,,,,,,,,,,,,,,,25.0,35.11,124.15,183.61,0.0943,0.0765,0.0765,0.0765,0.0765,0.0765,0.0765,0.0765,0.0765,23.86,60.78,119.88,172.1,224.32,276.54
2004-10,0.45,0.3196,0.059,0.0479,0.0315,0.0294,,,,,,,,,,,,,,,,,,,,,,,,,,,,,25.0,35.11,124.15,183.61,0.0943,0.0765,0.0765,0.0765,0.0765,0.0765,0.0765,0.0765,0.0765,23.86,60.78,119.88,172.1,224.32,276.54
2004-11,0.45,0.3196,0.059,0.0479,0.0315,0.0294,,,,,,,,,,,,,,,,,,,,,,,,,,,,,25.0,35.11,124.15,183.61,0.0943,0.0765,0.0765,0.0765,0.0765,0.0765,0.0765,0.0765,0.0765,23.86,60.78,119.88,172.1,224.32,276.54
2004-12,0.45,0.3196,0.059,0.0479,0.0315,0.0294,,,,,,,,,,,,,,,,,,,,,,,,,,,,,25.0,35.11,124.15,183.61,0.0943,0.0765,0.0765,0.0765,0.0765,0.0765,0.0765,0.0765,0.0765,23.86,60.78,119.88,172.1,224.32,276.54
2005-01,0.5874,0.4346,0.0636,0.05139999999999999,0.0346,0.0331,,,,,,,,,,,,,,,,,,,,,,,,,,,,,25.32,35.95,125.21,187.62,0.0943,0.0765,0.0765,0.0765,0.0765,0.0765,0.0765,0.0765,0.0765,23.86,60.78,119.88,172.1,224.32,276.54
2005-02,0.5874,0.4346,0.0636,0.05139999999999999,0.0346,0.0331,,,,,,,,,,,,,,,,,,,,,,,,,,,,,25.32,35.95,125.21,187.62,0.0943,0.0765,0.0765,0.0765,0.0765,0.0765,0.0765,0.0765,0.0765,23.86,60.78,119.88,172.1,224.32,276.54
2005-03,0.5874,0.4346,0.0636,0.05139999999999999,0.0346,0.0331,,,,,,,,,,,,,,,,,,,,,,,,,,,,,25.32,35.95,125.21,187.62,0.0943,0.0765,0.0765,0.0765,0.0765,0.0765,0.0765,0.0765,0.0765,23.86,60.78,119.88,172.1,224.32,276.54
2005-04,0.5874,0.4346,0.0636,0.05139999999999999,0.0346,0.0331,,,,,,,,,,,,,,,,,,,,,,,,,,,,,25.32,35.95,125.21,187.62,0.0943,0.0765,0.0765,0.0765,0.0765,0.0765,0.0765,0.0765,0.0765,23.86,60.78,119.88,172.1,224.32,276.54
2005-05,0.5874,0.4346,0.0636,0.05139999999999999,0.0346,0.0331,,,,,,,,,,,,,,,,,,,,,,,,,,,,,25.32,35.95,125.21,187.62,0.0943,0.0765,0.0765,0.0765,0.0765,0.0765,0.0765,0.0765,0.0765,23.86,60.78,119.88,172.1,224.32,276.54
2005-06,0.5874,0.4346,0.0636,0.05139999999999999,0.0346,0.0331,,,,,,,,,,,,,,,,,,,,,,,,,,,,,25.32,35.95,125.21,187.62,0.0943,0.0765,0.0765,0.0765,0.0765,0.0765,0.0765,0.0765,0.0765,23.86,60.78,119.88,172.1,224.32,276.54
2005-07,0.5874,0.4346,0.0636,0.05139999999999999,0.0346,0.0331,,,,,,,,,,,,,,,,,,,,,,,,,,,,,25.32,35.95,125.21,187.62,0.0943,0.0765,0.0765,0.0765,0.0765,0.0765,0.0765,0.0765,0.0765,23.86,60.78,119.88,172.1,224.32,276.54
2005-08,0.5874,0.4346,0.0636,0.05139999999999999,0.0346,0.0331,,,,,,,,,,,,,,,,,,,,,,,,,,,,,25.32,35.95,125.21,187.62,0.0943,0.0765,0.0765,0.0765,0.0765,0.0765,0.0765,0.0765,0.0765,23.86,60.78,119.88,172.1,224.32,276.54
2005-09,0.5874,0.4346,0.0636,0.05139999999999999,0.0346,0.0331,,,,,,,,,,,,,,,,,,,,,,,,,,,,,25.32,35.95,125.21,187.62,0.0943,0.0765,0.0765,0.0765,0.0765,0.0765,0.0765,0.0765,0.0765,23.86,60.78,119.88,172.1,224.32,276.54
2005-10,0.5874,0.4346,0.0636,0.05139999999999999,0.0346,0.0331,,,,,,,,,,,,,,,,,,,,,,,,,,,,,25.32,35.95,125.21,187.62,0.0943,0.0765,0.0765,0.0765,0.0765,0.0765,0.0765,0.0765,0.0765,23.86,60.78,119.88,172.1,224.32,276.54
2005-11,0.5874,0.4346,0.0636,0.05139999999999999,0.0346,0.0331,,,,,,,,,,,,,,,,,,,,,,,,,,,,,25.32,35.95,125.21,187.62,0.0943,0.0765,0.0765,0.0765,0.0765,0.0765,0.0765,0.0765,0.0765,23.86,60.78,119.88,172.1,224.32,276.54
2005-12,0.5874,0.4346,0.0636,0.05139999999999999,0.0346,0.0331,,,,,,,,,,,,,,,,,,,,,,,,,,,,,25.32,35.95,125.21,187.62,0.0943,0.0765,0.0765,0.0765,0.0765,0.0765,0.0765,0.0765,0.0765,23.86,60.78,119.88,172.1,224.32,276.54
2006-01,0.6487,0.4858,0.0711,0.059,0.04219999999999999,0.0406,,,,,,,,,,,,,,,,,,,,,,,,,,,,,25.32,35.95,125.21,187.62,0.0943,0.0765,0.0765,0.0765,0.0765,0.0765,0.0765,0.0765,0.0765,23.9,60.84,120.06,172.32,224.59,276.85
2006-02,0.6487,0.4858,0.0711,0.059,0.04219999999999999,0.0406,,,,,,,,,,,,,,,,,,,,,,,,,,,,,25.32,35.95,125.21,187.62,0.0943,0.0765,0.0765,0.0765,0.0765,0.0765,0.0765,0.0765,0.0765,23.9,60.84,120.06,172.32,224.59,276.85
2006-03,0.6487,0.4858,0.0711,0.059,0.04219999999999999,0.0406,,,,,,,,,,,,,,,,,,,,,,,,,,,,,25.32,35.95,125.21,187.62,0.0943,0.0765,0.0765,0.0765,0.0765,0.0765,0.0765,0.0765,0.0765,23.9,60.84,120.06,172.32,224.59,276.85
2006-04,0.6487,0.4858,0.0711,0.059,0.04219999999999999,0.0406,,,,,,,,,,,,,,,,,,,,,,,,,,,,,25.32,35.95,125.21,187.62,0.0943,0.0765,0.0765,0.0765,0.0765,0.0765,0.0765,0.0765,0.0765,23.9,60.84,120.06,172.32,224.59,276.85
2006-05,0.6487,0.4858,0.0711,0.059,0.04219999999999999,0.0406,,,,,,,,,,,,,,,,,,,,,,,,,,,,,25.32,35.95,125.21,187.62,0.0943,0.0765,0.0765,0.0765,0.0765,0.0765,0.0765,0.0765,0.0765,23.9,60.84,120.06,172.32,224.59,276.85
2006-06,0.6487,0.4858,0.0711,0.059,0.04219999999999999,0.0406,,,,,,,,,,,,,,,,,,,,,,,,,,,,,25.32,35.95,125.21,187.62,0.0943,0.0765,0.0765,0.0765,0.0765,0.0765,0.0765,0.0765,0.0765,23.9,60.84,120.06,172.32,224.59,276.85
2006-07,0.6487,0.4858,0.0711,0.059,0.04219999999999999,0.0406,,,,,,,,,,,,,,,,,,,,,,,,,,,,,25.32,35.95,125.21,187.62,0.0943,0.0765,0.0765,0.0765,0.0765,0.0765,0.0765,0.0765,0.0765,23.9,60.84,120.06,172.32,224.59,276.85
2006-08,0.6487,0.4858,0.0711,0.059,0.04219999999999999,0.0406,,,,,,,,,,,,,,,,,,,,,,,,,,,,,25.32,35.95,125.21,187.62,0.0943,0.0765,0.0765,0.0765,0.0765,0.0765,0.0765,0.0765,0.0765,23.9,60.84,120.06,172.32,224.59,276.85
2006-09,0.6487,0.4858,0.0711,0.059,0.04219999999999999,0.0406,,,,,,,,,,,,,,,,,,,,,,,,,,,,,25.32,35.95,125.21,187.62,0.0959,0.0778,0.0778,0.0778,0.0778,0.0778,0.0778,0.0778,0.0778,23.9,60.84,120.06,172.32,224.59,276.85
2006-10,0.6487,0.4858,0.0711,0.059,0.04219999999999999,0.0406,,,,,,,,,,,,,,,,,,,,,,,,,,,,,25.32,35.95,125.21,187.62,0.0959,0.0778,0.0778,0.0778,0.0778,0.0778,0.0778,0.0778,0.0778,23.9,60.84,120.06,172.32,224.59,276.85
2006-11,0.6487,0.4858,0.0711,0.059,0.04219999999999999,0.0406,,,,,,,,,,,,,,,,,,,,,,,,,,,,,25.32,35.95,125.21,187.62,0.0959,0.0778,0.0778,0.0778,0.0778,0.0778,0.0778,0.0778,0.0778,23.9,60.84,120.06,172.32,224.59,276.85
2006-12,0.6487,0.4858,0.0711,0.059,0.04219999999999999,0.0406,,,,,,,,,,,,,,,,,,,,,,,,,,,,,25.32,35.95,125.21,187.62,0.0959,0.0778,0.0778,0.0778,0.0778,0.0778,0.0778,0.0778,0.0778,23.9,60.84,120.06,172.32,224.59,276.85
2007-01,0.651,0.4877,0.07200000000000001,0.0599,0.0431,0.0414,,,,,,,,,,,,,,,,,,,,,,,,,,,,,25.32,35.95,125.21,187.62,0.0959,0.0778,0.0778,0.0778,0.0778,0.0778,0.0778,0.0778,0.0778,24.12,61.34,121.1,173.72,226.34,278.96
2007-02,0.651,0.4877,0.07200000000000001,0.0599,0.0431,0.0414,,,,,,,,,,,,,,,,,,,,,,,,,,,,,25.32,35.95,125.21,187.62,0.0959,0.0778,0.0778,0.0778,0.0778,0.0778,0.0778,0.0778,0.0778,24.12,61.34,121.1,173.72,226.34,278.96
2007-03,0.651,0.4877,0.07200000000000001,0.0599,0.0431,0.0414,,,,,,,,,,,,,,,,,,,,,,,,,,,,,25.32,35.95,125.21,187.62,0.0959,0.0778,0.0778,0.0778,0.0778,0.0778,0.0778,0.0778,0.0778,24.12,61.34,121.1,173.72,226.34,278.96
2007-04,0.651,0.4877,0.07200000000000001,0.0599,0.0431,0.0414,,,,,,,,,,,,,,,,,,,,,,,,,,,,,25.32,35.95,125.21,187.62,0.0959,0.0778,0.0778,0.0778,0.0778,0.0778,0.0778,0.0778,0.0778,24.12,61.34,121.1,173.72,226.34,278.96
2007-05,0.651,0.4877,0.07200000000000001,0.0599,0.0431,0.0414,,,,,,,,,,,,,,,,,,,,,,,,,,,,,25.32,35.95,125.21,187.62,0.0959,0.0778,0.0778,0.0778,0.0778,0.0778,0.0778,0.0778,0.0778,24.12,61.34,121.1,173.72,226.34,278.96
2007-06,0.651,0.4877,0.07200000000000001,0.0599,0.0431,0.0414,,,,,,,,,,,,,,,,,,,,,,,,,,,,,25.32,35.95,125.21,187.62,0.0959,0.0778,0.0778,0.0778,0.0778,0.0778,0.0778,0.0778,0.0778,24.12,61.34,121.1,173.72,226.34,278.96
2007-07,0.651,0.4877,0.07200000000000001,0.0599,0.0431,0.0414,,,,,,,,,,,,,,,,,,,,,,,,,,,,,25.32,35.95,125.21,187.62,0.0959,0.0778,0.0778,0.0778,0.0778,0.0778,0.0778,0.0778,0.0778,24.12,61.34,121.1,173.72,226.34,278.96
2007-08,0.651,0.4877,0.07200000000000001,0.0599,0.0431,0.0414,,,,,,,,,,,,,,,,,,,,,,,,,,,,,25.32,35.95,125.21,187.62,0.0959,0.0778,0.0778,0.0778,0.0778,0.0778,0.0778,0.0778,0.0778,24.12,61.34,121.1,173.72,226.34,278.96
2007-09,0.651,0.4877,0.07200000000000001,0.0599,0.0431,0.0414,,,,,,,,,,,,,,,,,,,,,,,,,,,,,25.32,35.95,125.21,187.62,0.097,0.0787,0.0787,0.0787,0.0787,0.0787,0.0787,0.0787,0.0787,24.12,61.34,121.1,173.72,226.34,278.96
2007-10,0.651,0.4877,0.07200000000000001,0.0599,0.0431,0.0414,,,,,,,,,,,,,,,,,,,,,,,,,,,,,25.32,35.95,125.21,187.62,0.097,0.0787,0.0787,0.0787,0.0787,0.0787,0.0787,0.0787,0.0787,24.12,61.34,121.1,173.72,226.34,278.96
2007-11,0.651,0.4877,0.07200000000000001,0.0599,0.0431,0.0414,,,,,,,,,,,,,,,,,,,,,,,,,,,,,25.32,35.95,125.21,187.62,0.097,0.0787,0.0787,0.0787,0.0787,0.0787,0.0787,0.0787,0.0787,24.12,61.34,121.1,173.72,226.34,278.96
2007-12,0.651,0.4877,0.07200000000000001,0.0599,0.0431,0.0414,,,,,,,,,,,,,,,,,,,,,,,,,,,,,25.32,35.95,125.21,187.62,0.097,0.0787,0.0787,0.0787,0.0787,0.0787,0.0787,0.0787,0.0787,24.12,61.34,121.1,173.72,226.34,278.96
2008-01,0.8332,0.64,0.0819,0.06860000000000001,0.0487,0.0479,,,,,,,,,,,,,,,,,,,,,,,,,,,,,29.99,41.9,141.58,194.37,0.097,0.0787,0.0787,0.0787,0.0787,0.0787,0.0787,0.0787,0.0787,24.51,62.27,122.81,176.02,229.24,282.44
2008-02,0.8332,0.64,0.0819,0.06860000000000001,0.0487,0.0479,,,,,,,,,,,,,,,,,,,,,,,,,,,,,29.99,41.9,141.58,194.37,0.097,0.0787,0.0787,0.0787,0.0787,0.0787,0.0787,0.0787,0.0787,24.51,62.27,122.81,176.02,229.24,282.44
2008-03,0.8332,0.64,0.0819,0.06860000000000001,0.0487,0.0479,,,,,,,,,,,,,,,,,,,,,,,,,,,,,29.99,41.9,141.58,194.37,0.097,0.0787,0.0787,0.0787,0.0787,0.0787,0.0787,0.0787,0.0787,24.51,62.27,122.81,176.02,229.24,282.44
2008-04,0.8332,0.64,0.0819,0.06860000000000001,0.0487,0.0479,,,,,,,,,,,,,,,,,,,,,,,,,,,,,29.99,41.9,141.58,194.37,0.097,0.0787,0.0787,0.0787,0.0787,0.0787,0.0787,0.0787,0.0787,24.51,62.27,122.81,176.02,229.24,282.44
2008-05,0.8332,0.64,0.0819,0.06860000000000001,0.0487,0.0479,,,,,,,,,,,,,,,,,,,,,,,,,,,,,29.99,41.9,141.58,194.37,0.097,0.0787,0.0787,0.0787,0.0787,0.0787,0.0787,0.0787,0.0787,24.51,62.27,122.81,176.02,229.24,282.44
2008-06,0.8332,0.64,0.0819,0.06860000000000001,0.0487,0.0479,,,,,,,,,,,,,,,,,,,,,,,,,,,,,29.99,41.9,141.58,194.37,0.097,0.0787,0.0787,0.0787,0.0787,0.0787,0.0787,0.0787,0.0787,24.51,62.27,122.81,176.02,229.24,282.44
2008-07,0.8332,0.64,0.0819,0.06860000000000001,0.0487,0.0479,,,,,,,,,,,,,,,,,,,,,,,,,,,,,29.99,41.9,141.58,194.37,0.097,0.0787,0.0787,0.0787,0.0787,0.0787,0.0787,0.0787,0.0787,24.51,62.27,122.81,176.02,229.24,282.44
2008-08,0.8332,0.64,0.0819,0.06860000000000001,0.0487,0.0479,,,,,,,,,,,,,,,,,,,,,,,,,,,,,29.99,41.9,141.58,194.37,0.097,0.0787,0.0787,0.0787,0.0787,0.0787,0.0787,0.0787,0.0787,24.51,62.27,122.81,176.02,229.24,282.44
2008-09,0.8332,0.64,0.0819,0.06860000000000001,0.0487,0.0479,,,,,,,,,,,,,,,,,,,,,,,,,,,,,29.99,41.9,141.58,194.37,0.0989,0.0803,0.0803,0.0803,0.0803,0.0803,0.0803,0.0803,0.0803,24.51,62.27,122.81,176.02,229.24,282.44
2008-10,0.8332,0.64,0.0819,0.06860000000000001,0.0487,0.0479,,,,,,,,,,,,,,,,,,,,,,,,,,,,,29.99,41.9,141.58,194.37,0.0989,0.0803,0.0803,0.0803,0.0803,0.0803,0.0803,0.0803,0.0803,24.51,62.27,122.81,176.02,229.24,282.44
2008-11,0.8332,0.64,0.0819,0.06860000000000001,0.0487,0.0479,,,,,,,,,,,,,,,,,,,,,,,,,,,,,29.99,41.9,141.58,194.37,0.0989,0.0803,0.0803,0.0803,0.0803,0.0803,0.0803,0.0803,0.0803,24.51,62.27,122.81,176.02,229.24,282.44
2008-12,0.8332,0.64,0.0819,0.06860000000000001,0.0487,0.0479,,,,,,,,,,,,,,,,,,,,,,,,,,,,,29.99,41.9,141.58,194.37,0.0989,0.0803,0.0803,0.0803,0.0803,0.0803,0.0803,0.0803,0.0803,24.51,62.27,122.81,176.02,229.24,282.44
2009-01,0.5756,0.4246,0.0797,0.0681,0.0461,0.0461,,,,,,,,,,,,,,,,,,,,,,,,,,,,,34.56,47.89,160.15,171.54,0.0989,0.0803,0.0803,0.0803,0.0803,0.0803,0.0803,0.0803,0.0803,42.33,68.86,112.76,173.82,220.4,267.0
2009-02,0.5756,0.4246,0.0797,0.0681,0.0461,0.0461,,,,,,,,,,,,,,,,,,,,,,,,,,,,,34.56,47.89,160.15,171.54,0.0989,0.0803,0.0803,0.0803,0.0803,0.0803,0.0803,0.0803,0.0803,42.33,68.86,112.76,173.82,220.4,267.0
2009-03,0.5756,0.4246,0.0797,0.0681,0.0461,0.0461,,,,,,,,,,,,,,,,,,,,,,,,,,,,,34.56,47.89,160.15,171.54,0.0989,0.0803,0.0803,0.0803,0.0803,0.0803,0.0803,0.0803,0.0803,42.33,68.86,112.76,173.82,220.4,267.0
2009-04,0.5756,0.4246,0.0797,0.0681,0.0461,0.0461,,,,,,,,,,,,,,,,,,,,,,,,,,,,,34.56,47.89,160.15,171.54,0.0989,0.0803,0.0803,0.0803,0.0803,0.0803,0.0803,0.0803,0.0803,42.33,68.86,112.76,173.82,220.4,267.0
2009-05,0.5756,0.4246,0.0797,0.0681,0.0461,0.0461,,,,,,,,,,,,,,,,,,,,,,,,,,,,,34.56,47.89,160.15,171.54,0.0989,0.0803,0.0803,0.0803,0.0803,0.0803,0.0803,0.0803,0.0803,42.33,68.86,112.76,173.82,220.4,267.0
2009-06,0.5756,0.4246,0.0797,0.0681,0.0461,0.0461,,,,,,,,,,,,,,,,,,,,,,,,,,,,,34.56,47.89,160.15,171.54,0.0989,0.0803,0.0803,0.0803,0.0803,0.0803,0.0803,0.0803,0.0803,42.33,68.86,112.76,173.82,220.4,267.0
2009-07,0.5756,0.4246,0.0797,0.0681,0.0461,0.0461,,,,,,,,,,,,,,,,,,,,,,,,,,,,,34.56,47.89,160.15,171.54,0.0989,0.0803,0.0803,0.0803,0.0803,0.0803,0.0803,0.0803,0.0803,42.33,68.86,112.76,173.82,220.4,267.0
2009-08,0.5756,0.4246,0.0797,0.0681,0.0461,0.0461,,,,,,,,,,,,,,,,,,,,,,,,,,,,,34.56,47.89,160.15,171.54,0.0989,0.0803,0.0803,0.0803,0.0803,0.0803,0.0803,0.0803,0.0803,42.33,68.86,112.76,173.82,220.4,267.0
2009-09,0.5756,0.4246,0.0797,0.0681,0.0461,0.0461,,,,,,,,,,,,,,,,,,,,,,,,,,,,,34.56,47.89,160.15,171.54,0.0781,0.0784,0.0817,0.0817,0.0817,0.0817,0.0817,0.0817,0.0817,42.33,68.86,112.76,173.82,220.4,267.0
2009-10,0.5756,0.4246,0.0797,0.0681,0.0461,0.0461,,,,,,,,,,,,,,,,,,,,,,,,,,,,,34.56,47.89,160.15,171.54,0.0781,0.0784,0.0817,0.0817,0.0817,0.0817,0.0817,0.0817,0.0817,42.33,68.86,112.76,173.82,220.4,267.0
2009-11,0.5756,0.4246,0.0797,0.0681,0.0461,0.0461,,,,,,,,,,,,,,,,,,,,,,,,,,,,,34.56,47.89,160.15,171.54,0.0781,0.0784,0.0817,0.0817,0.0817,0.0817,0.0817,0.0817,0.0817,42.33,68.86,112.76,173.82,220.4,267.0
2009-12,0.5756,0.4246,0.0797,0.0681,0.0461,0.0461,,,,,,,,,,,,,,,,,,,,,,,,,,,,,34.56,47.89,160.15,171.54,0.0781,0.0784,0.0817,0.0817,0.0817,0.0817,0.0817,0.0817,0.0817,42.33,68.86,112.76,173.82,220.4,267.0
2010-01,0.716,0.542,0.08470000000000001,0.0727,0.049,0.049,,,,,,,,,,,,,,,,,,,,,,,,,,,,,39.81,53.36,175.41,175.41,0.0781,0.0784,0.0817,0.0817,0.0817,0.0817,0.0817,0.0817,0.0817,68.03,79.6,96.84,161.82,192.97,238.82
2010-02,0.716,0.542,0.08470000000000001,0.0727,0.049,0.049,,,,,,,,,,,,,,,,,,,,,,,,,,,,,39.81,53.36,175.41,175.41,0.0781,0.0784,0.0817,0.0817,0.0817,0.0817,0.0817,0.0817,0.0817,68.03,79.6,96.84,161.82,192.97,238.82
2010-03,0.716,0.542,0.08470000000000001,0.0727,0.049,0.049,,,,,,,,,,,,,,,,,,,,,,,,,,,,,39.81,53.36,175.41,175.41,0.0781,0.0784,0.0817,0.0817,0.0817,0.0817,0.0817,0.0817,0.0817,68.03,79.6,96.84,161.82,192.97,238.82
2010-04,0.716,0.542,0.08470000000000001,0.0727,0.049,0.049,,,,,,,,,,,,,,,,,,,,,,,,,,,,,39.81,53.36,175.41,175.41,0.0781,0.0784,0.0817,0.0817,0.0817,0.0817,0.0817,0.0817,0.0817,68.03,79.6,96.84,161.82,192.97,238.82
2010-05,0.716,0.542,0.08470000000000001,0.0727,0.049,0.049,,,,,,,,,,,,,,,,,,,,,,,,,,,,,39.81,53.36,175.41,175.41,0.0781,0.0784,0.0817,0.0817,0.0817,0.0817,0.0817,0.0817,0.0817,68.03,79.6,96.84,161.82,192.97,238.82
2010-06,0.716,0.542,0.08470000000000001,0.0727,0.049,0.049,,,,,,,,,,,,,,,,,,,,,,,,,,,,,39.81,53.36,175.41,175.41,0.0781,0.0784,0.0817,0.0817,0.0817,0.0817,0.0817,0.0817,0.0817,68.03,79.6,96.84,161.82,192.97,238.82
2010-07,0.716,0.542,0.08470000000000001,0.0727,0.049,0.049,33.0,45.84,146.4,146.4,7.24,7.24,7.24,7.24,7.24,7.24,6.2,6.2,6.2,6.2,6.2,6.2,4.17,4.23,4.29,4.35,4.41,4.47,4.17,4.23,4.29,4.35,4.41,4.47,39.81,53.36,175.41,175.41,0.0781,0.0784,0.0817,0.0817,0.0817,0.0817,0.0817,0.0817,0.0817,68.03,79.6,96.84,161.82,192.97,238.82
2010-08,0.716,0.542,0.08470000000000001,0.0727,0.049,0.049,33.0,45.84,146.4,146.4,7.24,7.24,7.24,7.24,7.24,7.24,6.2,6.2,6.2,6.2,6.2,6.2,4.17,4.23,4.29,4.35,4.41,4.47,4.17,4.23,4.29,4.35,4.41,4.47,39.81,53.36,175.41,175.41,0.0781,0.0784,0.0817,0.0817,0.0817,0.0817,0.0817,0.0817,0.0817,68.03,79.6,96.84,161.82,192.97,238.82
2010-09,0.716,0.542,0.08470000000000001,0.0727,0.049,0.049,33.0,45.84,146.4,146.4,7.24,7.24,7.24,7.24,7.24,7.24,6.2,6.2,6.2,6.2,6.2,6.2,4.17,4.23,4.29,4.35,4.41,4.47,4.17,4.23,4.29,4.35,4.41,4.47,39.81,53.36,175.41,175.41,0.0793,0.0798,0.0817,0.0817,0.0817,0.0817,0.0817,0.0817,0.0817,68.03,79.6,96.84,161.82,192.97,238.82
2010-10,0.716,0.542,0.08470000000000001,0.0727,0.049,0.049,33.0,45.84,146.4,146.4,7.24,7.24,7.24,7.24,7.24,7.24,6.2,6.2,6.2,6.2,6.2,6.2,4.17,4.23,4.29,4.35,4.41,4.47,4.17,4.23,4.29,4.35,4.41,4.47,39.81,53.36,175.41,175.41,0.0793,0.0798,0.0817,0.0817,0.0817,0.0817,0.0817,0.0817,0.0817,68.03,79.6,96.84,161.82,192.97,238.82
2010-11,0.716,0.542,0.08470000000000001,0.0727,0.049,0.049,33.0,45.84,146.4,146.4,7.24,7.24,7.24,7.24,7.24,7.24,6.2,6.2,6.2,6.2,6.2,6.2,4.17,4.23,4.29,4.35,4.41,4.47,4.17,4.23,4.29,4.35,4.41,4.47,39.81,53.36,175.41,175.41,0.0793,0.0798,0.0817,0.0817,0.0817,0.0817,0.0817,0.0817,0.0817,68.03,79.6,96.84,161.82,192.97,238.82
2010-12,0.716,0.542,0.08470000000000001,0.0727,0.049,0.049,33.0,45.84,146.4,146.4,7.24,7.24,7.24,7.24,7.24,7.24,6.2,6.2,6.2,6.2,6.2,6.2,4.17,4.23,4.29,4.35,4.41,4.47,4.17,4.23,4.29,4.35,4.41,4.47,39.81,53.36,175.41,175.41,0.0793,0.0798,0.0817,0.0817,0.0817,0.0817,0.0817,0.0817,0.0817,68.03,79.6,96.84,161.82,192.97,238.82
2011-01,0.8879,0.6858,0.094,0.08070000000000001,0.0558,0.0558,33.0,45.84,146.4,146.4,7.24,7.24,7.24,7.24,7.24,7.24,6.2,6.2,6.2,6.2,6.2,6.2,4.17,4.23,4.29,4.35,4.41,4.47,4.17,4.23,4.29,4.35,4.41,4.47,43.89,58.01,185.18,185.18,0.0793,0.0798,0.0817,0.0817,0.0817,0.0817,0.0817,0.0817,0.0817,64.95,77.45,90.34,142.85,164.86,219.22
2011-02,0.8879,0.6858,0.094,0.08070000000000001,0.0558,0.0558,33.0,45.84,146.4,146.4,7.24,7.24,7.24,7.24,7.24,7.24,6.2,6.2,6.2,6.2,6.2,6.2,4.17,4.23,4.29,4.35,4.41,4.47,4.17,4.23,4.29,4.35,4.41,4.47,43.89,58.01,185.18,185.18,0.0793,0.0798,0.0817,0.0817,0.0817,0.0817,0.0817,0.0817,0.0817,64.95,77.45,90.34,142.85,164.86,219.22
2011-03,0.8879,0.6858,0.094,0.08070000000000001,0.0558,0.0558,33.0,45.84,146.4,146.4,7.24,7.24,7.24,7.24,7.24,7.24,6.2,6.2,6.2,6.2,6.2,6.2,4.17,4.23,4.29,4.35,4.41,4.47,4.17,4.23,4.29,4.35,4.41,4.47,43.89,58.01,185.18,185.18,0.0793,0.0798,0.0817,0.0817,0.0817,0.0817,0.0817,0.0817,0.0817,64.95,77.45,90.34,142.85,164.86,219.22
2011-04,0.8879,0.6858,0.094,0.08070000000000001,0.0558,0.0558,33.0,45.84,146.4,146.4,7.24,7.24,7.24,7.24,7.24,7.24,6.2,6.2,6.2,6.2,6.2,6.2,4.17,4.23,4.29,4.35,4.41,4.47,4.17,4.23,4.29,4.35,4.41,4.47,43.89,58.01,185.18,185.18,0.0793,0.0798,0.0817,0.0817,0.0817,0.0817,0.0817,0.0817,0.0817,64.95,77.45,90.34,142.85,164.86,219.22
2011-05,0.8879,0.6858,0.094,0.08070000000000001,0.0558,0.0558,33.0,45.84,146.4,146.4,7.24,7.24,7.24,7.24,7.24,7.24,6.2,6.2,6.2,6.2,6.2,6.2,4.17,4.23,4.29,4.35,4.41,4.47,4.17,4.23,4.29,4.35,4.41,4.47,43.89,58.01,185.18,185.18,0.0793,0.0798,0.0817,0.0817,0.0817,0.0817,0.0817,0.0817,0.0817,64.95,77.45,90.34,142.85,164.86,219.22
2011-06,0.8879,0.6858,0.094,0.08070000000000001,0.0558,0.0558,33.0,45.84,146.4,146.4,7.24,7.24,7.24,7.24,7.24,7.24,6.2,6.2,6.2,6.2,6.2,6.2,4.17,4.23,4.29,4.35,4.41,4.47,4.17,4.23,4.29,4.35,4.41,4.47,43.89,58.01,185.18,185.18,0.0793,0.0798,0.0817,0.0817,0.0817,0.0817,0.0817,0.0817,0.0817,64.95,77.45,90.34,142.85,164.86,219.22
2011-07,0.8879,0.6858,0.094,0.08070000000000001,0.0558,0.0558,33.0,45.84,146.4,146.4,7.24,7.24,7.24,7.24,7.24,7.24,6.2,6.2,6.2,6.2,6.2,6.2,4.17,4.23,4.29,4.35,4.41,4.47,4.17,4.23,4.29,4.35,4.41,4.47,43.89,58.01,185.18,185.18,0.0806,0.0812,0.0831,0.0831,0.0831,0.0831,0.0831,0.0831,0.0831,64.95,77.45,90.34,142.85,164.86,219.22
2011-08,0.8879,0.6858,0.094,0.08070000000000001,0.0558,0.0558,33.0,45.84,146.4,146.4,7.24,7.24,7.24,7.24,7.24,7.24,6.2,6.2,6.2,6.2,6.2,6.2,4.17,4.23,4.29,4.35,4.41,4.47,4.17,4.23,4.29,4.35,4.41,4.47,43.89,58.01,185.18,185.18,0.0806,0.0812,0.0831,0.0831,0.0831,0.0831,0.0831,0.0831,0.0831,64.95,77.45,90.34,142.85,164.86,219.22
2011-09,0.8879,0.6858,0.094,0.08070000000000001,0.0558,0.0558,33.0,45.84,146.4,146.4,7.24,7.24,7.24,7.24,7.24,7.24,6.2,6.2,6.2,6.2,6.2,6.2,4.17,4.23,4.29,4.35,4.41,4.47,4.17,4.23,4.29,4.35,4.41,4.47,43.89,58.01,185.18,185.18,0.0806,0.0812,0.0831,0.0831,0.0831,0.0831,0.0831,0.0831,0.0831,64.95,77.45,90.34,142.85,164.86,219.22
2011-10,0.8879,0.6858,0.094,0.08070000000000001,0.0558,0.0558,33.0,45.84,146.4,146.4,7.24,7.24,7.24,7.24,7.24,7.24,6.2,6.2,6.2,6.2,6.2,6.2,4.17,4.23,4.29,4.35,4.41,4.47,4.17,4.23,4.29,4.35,4.41,4.47,43.89,58.01,185.18,185.18,0.0806,0.0812,0.0831,0.0831,0.0831,0.0831,0.0831,0.0831,0.0831,64.95,77.45,90.34,142.85,164.86,219.22
2011-11,0.8879,0.6858,0.094,0.08070000000000001,0.0558,0.0558,33.0,45.84,146.4,146.4,7.24,7.24,7.24,7.24,7.24,7.24,6.2,6.2,6.2,6.2,6.2,6.2,4.17,4.23,4.29,4.35,4.41,4.47,4.17,4.23,4.29,4.35,4.41,4.47,43.89,58.01,185.18,185.18,0.0806,0.0812,0.0831,0.0831,0.0831,0.0831,0.0831,0.0831,0.0831,64.95,77.45,90.34,142.85,164.86,219.22
2011-12,0.8879,0.6858,0.094,0.08070000000000001,0.0558,0.0558,33.0,45.84,146.4,146.4,7.24,7.24,7.24,7.24,7.24,7.24,6.2,6.2,6.2,6.2,6.2,6.2,4.17,4.23,4.29,4.35,4.41,4.47,4.17,4.23,4.29,4.35,4.41,4.47,43.89,58.01,185.18,185.18,0.0806,0.0812,0.0831,0.0831,0.0831,0.0831,0.0831,0.0831,0.0831,64.95,77.45,90.34,142.85,164.86,219.22
2012-01,0.9688,0.7535,0.09970000000000001,0.0852,0.05860000000000001,0.05860000000000001,37.8,51.96,159.24,159.24,7.95,7.95,7.95,7.95,7.95,7.95,6.77,6.77,6.77,6.77,6.77,6.77,4.58,4.64,4.7,4.76,4.82,4.88,4.58,4.64,4.7,4.76,4.82,4.88,46.93,61.97,195.45,195.45,0.0806,0.0812,0.0831,0.0831,0.0831,0.0831,0.0831,0.0831,0.0831,67.4,80.37,93.77,148.13,171.05,227.44
2012-02,0.9688,0.7535,0.09970000000000001,0.0852,0.05860000000000001,0.05860000000000001,37.8,51.96,159.24,159.24,7.95,7.95,7.95,7.95,7.95,7.95,6.77,6.77,6.77,6.77,6.77,6.77,4.58,4.64,4.7,4.76,4.82,4.88,4.58,4.64,4.7,4.76,4.82,4.88,46.93,61.97,195.45,195.45,0.0806,0.0812,0.0831,0.0831,0.0831,0.0831,0.0831,0.0831,0.0831,67.4,80.37,93.77,148.13,171.05,227.44
2012-03,0.9688,0.7535,0.09970000000000001,0.0852,0.05860000000000001,0.05860000000000001,37.8,51.96,159.24,159.24,7.95,7.95,7.95,7.95,7.95,7.95,6.77,6.77,6.77,6.77,6.77,6.77,4.58,4.64,4.7,4.76,4.82,4.88,4.58,4.64,4.7,4.76,4.82,4.88,46.93,61.97,195.45,195.45,0.0806,0.0812,0.0831,0.0831,0.0831,0.0831,0.0831,0.0831,0.0831,67.4,80.37,93.77,148.13,171.05,227.44
2012-04,0.9688,0.7535,0.09970000000000001,0.0852,0.05860000000000001,0.05860000000000001,37.8,51.96,159.24,159.24,7.95,7.95,7.95,7.95,7.95,7.95,6.77,6.77,6.77,6.77,6.77,6.77,4.58,4.64,4.7,4.76,4.82,4.88,4.58,4.64,4.7,4.76,4.82,4.88,46.93,61.97,195.45,195.45,0.0806,0.0812,0.0831,0.0831,0.0831,0.0831,0.0831,0.0831,0.0831,67.4,80.37,93.77,148.13,171.05,227.44
2012-05,0.9688,0.7535,0.09970000000000001,0.0852,0.05860000000000001,0.05860000000000001,37.8,51.96,159.24,159.24,7.95,7.95,7.95,7.95,7.95,7.95,6.77,6.77,6.77,6.77,6.77,6.77,4.58,4.64,4.7,4.76,4.82,4.88,4.58,4.64,4.7,4.76,4.82,4.88,46.93,61.97,195.45,195.45,0.0806,0.0812,0.0831,0.0831,0.0831,0.0831,0.0831,0.0831,0.0831,67.4,80.37,93.77,148.13,171.05,227.44
2012-06,0.9688,0.7535,0.09970000000000001,0.0852,0.05860000000000001,0.05860000000000001,37.8,51.96,159.24,159.24,7.95,7.95,7.95,7.95,7.95,7.95,6.77,6.77,6.77,6.77,6.77,6.77,4.58,4.64,4.7,4.76,4.82,4.88,4.58,4.64,4.7,4.76,4.82,4.88,46.93,61.97,195.45,195.45,0.0806,0.0812,0.0831,0.0831,0.0831,0.0831,0.0831,0.0831,0.0831,67.4,80.37,93.77,148.13,171.05,227.44
2012-07,0.9688,0.7535,0.09970000000000001,0.0852,0.05860000000000001,0.05860000000000001,37.8,51.96,159.24,159.24,7.95,7.95,7.95,7.95,7.95,7.95,6.77,6.77,6.77,6.77,6.77,6.77,4.58,4.64,4.7,4.76,4.82,4.88,4.58,4.64,4.7,4.76,4.82,4.88,46.93,61.97,195.45,195.45,0.0806,0.0812,0.0831,0.0831,0.0831,0.0831,0.0831,0.0831,0.0831,67.4,80.37,93.77,148.13,171.05,227.44
2012-08,0.9688,0.7535,0.09970000000000001,0.0852,0.05860000000000001,0.05860000000000001,37.8,51.96,159.24,159.24,7.95,7.95,7.95,7.95,7.95,7.95,6.77,6.77,6.77,6.77,6.77,6.77,4.58,4.64,4.7,4.76,4.82,4.88,4.58,4.64,4.7,4.76,4.82,4.88,46.93,61.97,195.45,195.45,0.0822,0.0828,0.0848,0.0848,0.0848,0.0848,0.0848,0.0848,0.0848,67.4,80.37,93.77,148.13,171.05,227.44
2012-09,0.9688,0.7535,0.09970000000000001,0.0852,0.05860000000000001,0.05860000000000001,37.8,51.96,159.24,159.24,7.95,7.95,7.95,7.95,7.95,7.95,6.77,6.77,6.77,6.77,6.77,6.77,4.58,4.64,4.7,4.76,4.82,4.88,4.58,4.64,4.7,4.76,4.82,4.88,46.93,61.97,195.45,195.45,0.0822,0.0828,0.0848,0.0848,0.0848,0.0848,0.0848,0.0848,0.0848,67.4,80.37,93.77,148.13,171.05,227.44
2012-10,0.9688,0.7535,0.09970000000000001,0.0852,0.05860000000000001,0.05860000000000001,37.8,51.96,159.24,159.24,7.95,7.95,7.95,7.95,7.95,7.95,6.77,6.77,6.77,6.77,6.77,6.77,4.58,4.64,4.7,4.76,4.82,4.88,4.58,4.64,4.7,4.76,4.82,4.88,46.93,61.97,195.45,195.45,0.0822,0.0828,0.0848,0.0848,0.0848,0.0848,0.0848,0.0848,0.0848,67.4,80.37,93.77,148.13,171.05,227.44
2012-11,0.9688,0.7535,0.09970000000000001,0.0852,0.05860000000000001,0.05860000000000001,37.8,51.96,159.24,159.24,7.95,7.95,7.95,7.95,7.95,7.95,6.77,6.77,6.77,6.77,6.77,6.77,4.58,4.64,4.7,4.76,4.82,4.88,4.58,4.64,4.7,4.76,4.82,4.88,46.93,61.97,195.45,195.45,0.0822,0.0828,0.0848,0.0848,0.0848,0.0848,0.0848,0.0848,0.0848,67.4,80.37,93.77,148.13,171.05,227.44
2012-12,0.9688,0.7535,0.09970000000000001,0.0852,0.05860000000000001,0.05860000000000001,37.8,51.96,159.24,159.24,7.95,7.95,7.95,7.95,7.95,7.95,6.77,6.77,6.77,6.77,6.77,6.77,4.58,4.64,4.7,4.76,4.82,4.88,4.58,4.64,4.7,4.76,4.82,4.88,46.93,61.97,195.45,195.45,0.0822,0.0828,0.0848,0.0848,0.0848,0.0848,0.0848,0.0848,0.0848,67.4,80.37,93.77,148.13,171.05,227.44
2013-01,0.9272,0.7187,0.1036,0.08779999999999999,0.05889999999999999,0.05889999999999999,39.72,54.36,166.44,166.44,8.59,8.59,8.59,8.59,8.59,8.59,7.25,7.25,7.25,7.25,7.25,7.25,4.9,4.96,5.02,5.08,5.14,5.2,4.9,4.96,5.02,5.08,5.14,5.2,52.96,66.63,209.1,209.1,0.0822,0.0828,0.0848,0.0848,0.0848,0.0848,0.0848,0.0848,0.0848,62.85,84.33,103.99,162.46,187.12,233.87
2013-02,0.9272,0.7187,0.1036,0.08779999999999999,0.05889999999999999,0.05889999999999999,39.72,54.36,166.44,166.44,8.59,8.59,8.59,8.59,8.59,8.59,7.25,7.25,7.25,7.25,7.25,7.25,4.9,4.96,5.02,5.08,5.14,5.2,4.9,4.96,5.02,5.08,5.14,5.2,52.96,66.63,209.1,209.1,0.0822,0.0828,0.0848,0.0848,0.0848,0.0848,0.0848,0.0848,0.0848,62.85,84.33,103.99,162.46,187.12,233.87
2013-03,0.9272,0.7187,0.1036,0.08779999999999999,0.05889999999999999,0.05889999999999999,39.72,54.36,166.44,166.44,8.59,8.59,8.59,8.59,8.59,8.59,7.25,7.25,7.25,7.25,7.25,7.25,4.9,4.96,5.02,5.08,5.14,5.2,4.9,4.96,5.02,5.08,5.14,5.2,52.96,66.63,209.1,209.1,0.0822,0.0828,0.0848,0.0848,0.0848,0.0848,0.0848,0.0848,0.0848,62.85,84.33,103.99,162.46,187.12,233.87
2013-04,0.9272,0.7187,0.1036,0.08779999999999999,0.05889999999999999,0.05889999999999999,39.72,54.36,166.44,166.44,8.59,8.59,8.59,8.59,8.59,8.59,7.25,7.25,7.25,7.25,7.25,7.25,4.9,4.96,5.02,5.08,5.14,5.2,4.9,4.96,5.02,5.08,5.14,5.2,52.96,66.63,209.1,209.1,0.0822,0.0828,0.0848,0.0848,0.0848,0.0848,0.0848,0.0848,0.0848,62.85,84.33,103.99,162.46,187.12,233.87
2013-05,0.9272,0.7187,0.1036,0.08779999999999999,0.05889999999999999,0.05889999999999999,39.72,54.36,166.44,166.44,8.59,8.59,8.59,8.59,8.59,8.59,7.25,7.25,7.25,7.25,7.25,7.25,4.9,4.96,5.02,5.08,5.14,5.2,4.9,4.96,5.02,5.08,5.14,5.2,52.96,66.63,209.1,209.1,0.0822,0.0828,0.0848,0.0848,0.0848,0.0848,0.0848,0.0848,0.0848,62.85,84.33,103.99,162.46,187.12,233.87
2013-06,0.9272,0.7187,0.1036,0.08779999999999999,0.05889999999999999,0.05889999999999999,39.72,54.36,166.44,166.44,8.59,8.59,8.59,8.59,8.59,8.59,7.25,7.25,7.25,7.25,7.25,7.25,4.9,4.96,5.02,5.08,5.14,5.2,4.9,4.96,5.02,5.08,5.14,5.2,52.96,66.63,209.1,209.1,0.0822,0.0828,0.0848,0.0848,0.0848,0.0848,0.0848,0.0848,0.0848,62.85,84.33,103.99,162.46,187.12,233.87
2013-07,0.9272,0.7187,0.1036,0.08779999999999999,0.05889999999999999,0.05889999999999999,47.52,58.8,173.76,173.76,8.58,8.58,8.58,8.58,8.58,8.58,7.26,7.26,7.26,7.26,7.26,7.26,4.76,4.82,4.88,4.94,5.0,5.06,4.76,4.82,4.88,4.94,5.0,5.06,52.96,66.63,209.1,209.1,0.0822,0.0828,0.0848,0.0848,0.0848,0.0848,0.0848,0.0848,0.0848,62.85,84.33,103.99,162.46,187.12,233.87
2013-08,0.9272,0.7187,0.1036,0.08779999999999999,0.05889999999999999,0.05889999999999999,47.52,58.8,173.76,173.76,8.58,8.58,8.58,8.58,8.58,8.58,7.26,7.26,7.26,7.26,7.26,7.26,4.76,4.82,4.88,4.94,5.0,5.06,4.76,4.82,4.88,4.94,5.0,5.06,52.96,66.63,209.1,209.1,0.0883,0.0883,0.0883,0.0883,0.0883,0.0883,0.0883,0.0883,0.0883,62.85,84.33,103.99,162.46,187.12,233.87
2013-09,0.9272,0.7187,0.1036,0.08779999999999999,0.05889999999999999,0.05889999999999999,47.52,58.8,173.76,173.76,8.58,8.58,8.58,8.58,8.58,8.58,7.26,7.26,7.26,7.26,7.26,7.26,4.76,4.82,4.88,4.94,5.0,5.06,4.76,4.82,4.88,4.94,5.0,5.06,52.96,66.63,209.1,209.1,0.0883,0.0883,0.0883,0.0883,0.0883,0.0883,0.0883,0.0883,0.0883,62.85,84.33,103.99,162.46,187.12,233.87
2013-10,0.9272,0.7187,0.1036,0.08779999999999999,0.05889999999999999,0.05889999999999999,47.52,58.8,173.76,173.76,8.58,8.58,8.58,8.58,8.58,8.58,7.26,7.26,7.26,7.26,7.26,7.26,4.76,4.82,4.88,4.94,5.0,5.06,4.76,4.82,4.88,4.94,5.0,5.06,52.96,66.63,209.1,209.1,0.0883,0.0883,0.0883,0.0883,0.0883,0.0883,0.0883,0.0883,0.0883,62.85,84.33,103.99,162.46,187.12,233.87
2013-11,0.9272,0.7187,0.1036,0.08779999999999999,0.05889999999999999,0.05889999999999999,47.52,58.8,173.76,173.76,8.58,8.58,8.58,8.58,8.58,8.58,7.26,7.26,7.26,7.26,7.26,7.26,4.76,4.82,4.88,4.94,5.0,5.06,4.76,4.82,4.88,4.94,5.0,5.06,52.96,66.63,209.1,209.1,0.0883,0.0883,0.0883,0.0883,0.0883,0.0883,0.0883,0.0883,0.0883,62.85,84.33,103.99,162.46,187.12,233.87
2013-12,0.9272,0.7187,0.1036,0.08779999999999999,0.05889999999999999,0.05889999999999999,47.52,58.8,173.76,173.76,8.58,8.58,8.58,8.58,8.58,8.58,7.26,7.26,7.26,7.26,7.26,7.26,4.76,4.82,4.88,4.94,5.0,5.06,4.76,4.82,4.88,4.94,5.0,5.06,52.96,66.63,209.1,209.1,0.0883,0.0883,0.0883,0.0883,0.0883,0.0883,0.0883,0.0883,0.0883,62.85,84.33,103.99,162.46,187.12,233.87
2014-01,0.8599,0.66,0.1021,0.0851,0.0564,0.0564,47.52,58.8,173.76,173.76,8.58,8.58,8.58,8.58,8.58,8.58,7.26,7.26,7.26,7.26,7.26,7.26,4.76,4.82,4.88,4.94,5.0,5.06,4.76,4.82,4.88,4.94,5.0,5.06,62.37,74.27,220.71,220.71,0.0883,0.0883,0.0883,0.0883,0.0883,0.0883,0.0883,0.0883,0.0883,53.84,87.55,115.99,178.57,204.78,235.52
2014-02,0.8599,0.66,0.1021,0.0851,0.0564,0.0564,47.52,58.8,173.76,173.76,8.58,8.58,8.58,8.58,8.58,8.58,7.26,7.26,7.26,7.26,7.26,7.26,4.76,4.82,4.88,4.94,5.0,5.06,4.76,4.82,4.88,4.94,5.0,5.06,62.37,74.27,220.71,220.71,0.0883,0.0883,0.0883,0.0883,0.0883,0.0883,0.0883,0.0883,0.0883,53.84,87.55,115.99,178.57,204.78,235.52
2014-03,0.8599,0.66,0.1021,0.0851,0.0564,0.0564,47.52,58.8,173.76,173.76,8.58,8.58,8.58,8.58,8.58,8.58,7.26,7.26,7.26,7.26,7.26,7.26,4.76,4.82,4.88,4.94,5.0,5.06,4.76,4.82,4.88,4.94,5.0,5.06,62.37,74.27,220.71,220.71,0.0883,0.0883,0.0883,0.0883,0.0883,0.0883,0.0883,0.0883,0.0883,53.84,87.55,115.99,178.57,204.78,235.52
2014-04,0.8599,0.66,0.1021,0.0851,0.0564,0.0564,47.52,58.8,173.76,173.76,8.58,8.58,8.58,8.58,8.58,8.58,7.26,7.26,7.26,7.26,7.26,7.26,4.76,4.82,4.88,4.94,5.0,5.06,4.76,4.82,4.88,4.94,5.0,5.06,62.37,74.27,220.71,220.71,0.0883,0.0883,0.0883,0.0883,0.0883,0.0883,0.0883,0.0883,0.0883,53.84,87.55,115.99,178.57,204.78,235.52
2014-05,0.8599,0.66,0.1021,0.0851,0.0564,0.0564,47.52,58.8,173.76,173.76,8.58,8.58,8.58,8.58,8.58,8.58,7.26,7.26,7.26,7.26,7.26,7.26,4.76,4.82,4.88,4.94,5.0,5.06,4.76,4.82,4.88,4.94,5.0,5.06,62.37,74.27,220.71,220.71,0.0883,0.0883,0.0883,0.0883,0.0883,0.0883,0.0883,0.0883,0.0883,53.84,87.55,115.99,178.57,204.78,235.52
2014-06,0.8599,0.66,0.1021,0.0851,0.0564,0.0564,47.52,58.8,173.76,173.76,8.58,8.58,8.58,8.58,8.58,8.58,7.26,7.26,7.26,7.26,7.26,7.26,4.76,4.82,4.88,4.94,5.0,5.06,4.76,4.82,4.88,4.94,5.0,5.06,62.37,74.27,220.71,220.71,0.0883,0.0883,0.0883,0.0883,0.0883,0.0883,0.0883,0.0883,0.0883,53.84,87.55,115.99,178.57,204.78,235.52
2014-07,0.8599,0.66,0.1021,0.0851,0.0564,0.0564,54.96,66.24,183.84,183.84,8.19,8.19,8.19,8.19,8.19,8.19,6.67,6.67,6.67,6.67,6.67,6.67,4.4,4.46,4.52,4.58,4.64,4.7,4.4,4.46,4.52,4.58,4.64,4.7,62.37,74.27,220.71,220.71,0.0883,0.0883,0.0883,0.0883,0.0883,0.0883,0.0883,0.0883,0.0883,53.84,87.55,115.99,178.57,204.78,235.52
2014-08,0.8599,0.66,0.1021,0.0851,0.0564,0.0564,54.96,66.24,183.84,183.84,8.19,8.19,8.19,8.19,8.19,8.19,6.67,6.67,6.67,6.67,6.67,6.67,4.4,4.46,4.52,4.58,4.64,4.7,4.4,4.46,4.52,4.58,4.64,4.7,62.37,74.27,220.71,220.71,0.0883,0.0883,0.0883,0.0883,0.0883,0.0883,0.0883,0.0883,0.0883,53.84,87.55,115.99,178.57,204.78,235.52
2014-09,0.8599,0.66,0.1021,0.0851,0.0564,0.0564,62.52,76.44,189.84,189.84,8.19,8.19,8.19,8.19,8.19,8.19,6.67,6.67,6.67,6.67,6.67,6.67,4.4,4.46,4.52,4.58,4.64,4.7,4.4,4.46,4.52,4.58,4.64,4.7,62.37,74.27,220.71,220.71,0.0883,0.0883,0.0883,0.0883,0.0883,0.0883,0.0883,0.0883,0.0883,53.84,87.55,115.99,178.57,204.78,235.52
2014-10,0.8599,0.66,0.1021,0.0851,0.0564,0.0564,62.52,76.44,189.84,189.84,8.19,8.19,8.19,8.19,8.19,8.19,6.67,6.67,6.67,6.67,6.67,6.67,4.4,4.46,4.52,4.58,4.64,4.7,4.4,4.46,4.52,4.58,4.64,4.7,62.37,74.27,220.71,220.71,0.0883,0.0883,0.0883,0.0883,0.0883,0.0883,0.0883,0.0883,0.0883,53.84,87.55,115.99,178.57,204.78,235.52
2014-11,0.8599,0.66,0.1021,0.0851,0.0564,0.0564,62.52,76.44,189.84,189.84,8.19,8.19,8.19,8.19,8.19,8.19,6.67,6.67,6.67,6.67,6.67,6.67,4.4,4.46,4.52,4.58,4.64,4.7,4.4,4.46,4.52,4.58,4.64,4.7,62.37,74.27,220.71,220.71,0.0909,0.0909,0.0909,0.0909,0.0909,0.0909,0.0909,0.0909,0.0909,53.84,87.55,115.99,178.57,204.78,235.52
2014-12,0.8599,0.66,0.1021,0.0851,0.0564,0.0564,62.52,76.44,189.84,189.84,8.19,8.19,8.19,8.19,8.19,8.19,6.67,6.67,6.67,6.67,6.67,6.67,4.4,4.46,4.52,4.58,4.64,4.7,4.4,4.46,4.52,4.58,4.64,4.7,62.37,74.27,220.71,220.71,0.0909,0.0909,0.0909,0.0909,0.0909,0.0909,0.0909,0.0909,0.0909,53.84,87.55,115.99,178.57,204.78,235.52
2015-01,0.7058,0.5118,0.0992,0.0795,0.054,0.054,62.52,76.44,189.84,189.84,8.36,8.36,8.36,8.36,8.36,8.36,6.84,6.84,6.84,6.84,6.84,6.84,4.57,4.63,4.69,4.75,4.81,4.87,4.57,4.63,4.69,4.75,4.81,4.87,70.57,83.86,230.29,230.29,0.0909,0.0909,0.0909,0.0909,0.0909,0.0909,0.0909,0.0909,0.0909,54.8,89.06,118.07,181.5,208.1,239.34
2015-02,0.7058,0.5118,0.0992,0.0795,0.054,0.054,62.52,76.44,189.84,189.84,8.36,8.36,8.36,8.36,8.36,8.36,6.84,6.84,6.84,6.84,6.84,6.84,4.57,4.63,4.69,4.75,4.81,4.87,4.57,4.63,4.69,4.75,4.81,4.87,70.57,83.86,230.29,230.29,0.0909,0.0909,0.0909,0.0909,0.0909,0.0909,0.0909,0.0909,0.0909,54.8,89.06,118.07,181.5,208.1,239.34
2015-03,0.7058,0.5118,0.0992,0.0795,0.054,0.054,62.52,76.44,189.84,189.84,8.36,8.36,8.36,8.36,8.36,8.36,6.84,6.84,6.84,6.84,6.84,6.84,4.57,4.63,4.69,4.75,4.81,4.87,4.57,4.63,4.69,4.75,4.81,4.87,70.57,83.86,230.29,230.29,0.0909,0.0909,0.0909,0.0909,0.0909,0.0909,0.0909,0.0909,0.0909,54.8,89.06,118.07,181.5,208.1,239.34
2015-04,0.7058,0.5118,0.0992,0.0795,0.054,0.054,62.52,76.44,189.84,189.84,8.36,8.36,8.36,8.36,8.36,8.36,6.84,6.84,6.84,6.84,6.84,6.84,4.57,4.63,4.69,4.75,4.81,4.87,4.57,4.63,4.69,4.75,4.81,4.87,70.57,83.86,230.29,230.29,0.0909,0.0909,0.0909,0.0909,0.0909,0.0909,0.0909,0.0909,0.0909,54.8,89.06,118.07,181.5,208.1,239.34
2015-05,0.7058,0.5118,0.0992,0.0795,0.054,0.054,62.52,76.44,189.84,189.84,8.36,8.36,8.36,8.36,8.36,8.36,6.84,6.84,6.84,6.84,6.84,6.84,4.57,4.63,4.69,4.75,4.81,4.87,4.57,4.63,4.69,4.75,4.81,4.87,70.57,83.86,230.29,230.29,0.0909,0.0909,0.0909,0.0909,0.0909,0.0909,0.0909,0.0909,0.0909,54.8,89.06,118.07,181.5,208.1,239.34
2015-06,0.7058,0.5118,0.0992,0.0795,0.054,0.054,62.52,76.44,189.84,189.84,8.36,8.36,8.36,8.36,8.36,8.36,6.84,6.84,6.84,6.84,6.84,6.84,4.57,4.63,4.69,4.75,4.81,4.87,4.57,4.63,4.69,4.75,4.81,4.87,70.57,83.86,230.29,230.29,0.0909,0.0909,0.0909,0.0909,0.0909,0.0909,0.0909,0.0909,0.0909,54.8,89.06,118.07,181.5,208.1,239.34
2015-07,0.7058,0.5118,0.0992,0.0795,0.054,0.054,62.52,76.44,189.84,189.84,8.36,8.36,8.36,8.36,8.36,8.36,6.84,6.84,6.84,6.84,6.84,6.84,4.57,4.63,4.69,4.75,4.81,4.87,4.57,4.63,4.69,4.75,4.81,4.87,70.57,83.86,230.29,230.29,0.0909,0.0909,0.0909,0.0909,0.0909,0.0909,0.0909,0.0909,0.0909,54.8,89.06,118.07,181.5,208.1,239.34
2015-08,0.7058,0.5118,0.0992,0.0795,0.054,0.054,62.52,76.44,189.84,189.84,8.36,8.36,8.36,8.36,8.36,8.36,6.84,6.84,6.84,6.84,6.84,6.84,4.57,4.63,4.69,4.75,4.81,4.87,4.57,4.63,4.69,4.75,4.81,4.87,70.57,83.86,230.29,230.29,0.0932,0.0932,0.0932,0.0932,0.0932,0.0932,0.0932,0.0932,0.0932,54.8,89.06,118.07,181.5,208.1,239.34
2015-09,0.7058,0.5118,0.0992,0.0795,0.054,0.054,62.52,76.44,189.84,189.84,8.36,8.36,8.36,8.36,8.36,8.36,6.84,6.84,6.84,6.84,6.84,6.84,4.57,4.63,4.69,4.75,4.81,4.87,4.57,4.63,4.69,4.75,4.81,4.87,70.57,83.86,230.29,230.29,0.0932,0.0932,0.0932,0.0932,0.0932,0.0932,0.0932,0.0932,0.0932,54.8,89.06,118.07,181.5,208.1,239.34
2015-10,0.7058,0.5118,0.0992,0.0795,0.054,0.054,62.52,76.44,189.84,189.84,8.36,8.36,8.36,8.36,8.36,8.36,6.84,6.84,6.84,6.84,6.84,6.84,4.57,4.63,4.69,4.75,4.81,4.87,4.57,4.63,4.69,4.75,4.81,4.87,70.57,83.86,230.29,230.29,0.0932,0.0932,0.0932,0.0932,0.0932,0.0932,0.0932,0.0932,0.0932,54.8,89.06,118.07,181.5,208.1,239.34
2015-11,0.7058,0.5118,0.0992,0.0795,0.054,0.054,62.52,76.44,189.84,189.84,8.36,8.36,8.36,8.36,8.36,8.36,6.84,6.84,6.84,6.84,6.84,6.84,4.57,4.63,4.69,4.75,4.81,4.87,4.57,4.63,4.69,4.75,4.81,4.87,70.57,83.86,230.29,230.29,0.0932,0.0932,0.0932,0.0932,0.0932,0.0932,0.0932,0.0932,0.0932,54.8,89.06,118.07,181.5,208.1,239.34
2015-12,0.7058,0.5118,0.0992,0.0795,0.054,0.054,62.52,76.44,189.84,189.84,8.36,8.36,8.36,8.36,8.36,8.36,6.84,6.84,6.84,6.84,6.84,6.84,4.57,4.63,4.69,4.75,4.81,4.87,4.57,4.63,4.69,4.75,4.81,4.87,70.57,83.86,230.29,230.29,0.0932,0.0932,0.0932,0.0932,0.0932,0.0932,0.0932,0.0932,0.0932,54.8,89.06,118.07,181.5,208.1,239.34
2016-01,0.6376,0.4351,0.0897,0.0708,0.0476,0.0476,62.52,76.44,189.84,189.84,7.6,7.6,7.6,7.6,7.6,7.6,5.85,5.85,5.85,5.85,5.85,5.85,3.87,3.93,3.99,4.05,4.11,4.17,3.87,3.93,3.99,4.05,4.11,4.17,77.76,92.39,235.81,235.81,0.0932,0.0932,0.0932,0.0932,0.0932,0.0932,0.0932,0.0932,0.0932,55.12,91.78,114.76,177.06,203.67,233.83
2016-02,0.6376,0.4351,0.0897,0.0708,0.0476,0.0476,62.52,76.44,189.84,189.84,7.6,7.6,7.6,7.6,7.6,7.6,5.85,5.85,5.85,5.85,5.85,5.85,3.87,3.93,3.99,4.05,4.11,4.17,3.87,3.93,3.99,4.05,4.11,4.17,77.76,92.39,235.81,235.81,0.0932,0.0932,0.0932,0.0932,0.0932,0.0932,0.0932,0.0932,0.0932,55.12,91.78,114.76,177.06,203.67,233.83
2016-03,0.6376,0.4351,0.0897,0.0708,0.0476,0.0476,62.52,76.44,189.84,189.84,7.6,7.6,7.6,7.6,7.6,7.6,5.85,5.85,5.85,5.85,5.85,5.85,3.87,3.93,3.99,4.05,4.11,4.17,3.87,3.93,3.99,4.05,4.11,4.17,77.76,92.39,235.81,235.81,0.0932,0.0932,0.0932,0.0932,0.0932,0.0932,0.0932,0.0932,0.0932,55.12,91.78,114.76,177.06,203.67,233.83
2016-04,0.6376,0.4351,0.0897,0.0708,0.0476,0.0476,62.52,76.44,189.84,189.84,7.6,7.6,7.6,7.6,7.6,7.6,5.85,5.85,5.85,5.85,5.85,5.85,3.87,3.93,3.99,4.05,4.11,4.17,3.87,3.93,3.99,4.05,4.11,4.17,77.76,92.39,235.81,235.81,0.0932,0.0932,0.0932,0.0932,0.0932,0.0932,0.0932,0.0932,0.0932,55.12,91.78,114.76,177.06,203.67,233.83
2016-05,0.6376,0.4351,0.0897,0.0708,0.0476,0.0476,62.52,76.44,189.84,189.84,7.6,7.6,7.6,7.6,7.6,7.6,5.85,5.85,5.85,5.85,5.85,5.85,3.87,3.93,3.99,4.05,4.11,4.17,3.87,3.93,3.99,4.05,4.11,4.17,77.76,92.39,235.81,235.81,0.0932,0.0932,0.0932,0.0932,0.0932,0.0932,0.0932,0.0932,0.0932,55.12,91.78,114.76,177.06,203.67,233.83
2016-06,0.6376,0.4351,0.0897,0.0708,0.0476,0.0476,62.52,76.44,189.84,189.84,7.6,7.6,7.6,7.6,7.6,7.6,5.85,5.85,5.85,5.85,5.85,5.85,3.87,3.93,3.99,4.05,4.11,4.17,3.87,3.93,3.99,4.05,4.11,4.17,77.76,92.39,235.81,235.81,0.0932,0.0932,0.0932,0.0932,0.0932,0.0932,0.0932,0.0932,0.0932,55.12,91.78,114.76,177.06,203.67,233.83
2016-07,0.6376,0.4351,0.0897,0.0708,0.0476,0.0476,62.52,76.44,189.84,189.84,7.6,7.6,7.6,7.6,7.6,7.6,5.85,5.85,5.85,5.85,5.85,5.85,3.87,3.93,3.99,4.05,4.11,4.17,3.87,3.93,3.99,4.05,4.11,4.17,77.76,92.39,235.81,235.81,0.0932,0.0932,0.0932,0.0932,0.0932,0.0932,0.0932,0.0932,0.0932,55.12,91.78,114.76,177.06,203.67,233.83
2016-08,0.6376,0.4351,0.0897,0.0708,0.0476,0.0476,68.52,82.32,193.32,193.32,6.66,6.66,6.66,6.66,6.66,6.66,5.26,5.26,5.26,5.26,5.26,5.26,3.37,3.43,3.49,3.55,3.61,3.67,3.37,3.43,3.49,3.55,3.61,3.67,77.76,92.39,235.81,235.81,0.0983,0.0887,0.0898,0.0898,0.0898,0.0898,0.0898,0.0898,0.0898,56.07,96.5,111.35,172.78,199.59,
2016-09,0.6376,0.4351,0.0897,0.0708,0.0476,0.0476,68.52,82.32,193.32,193.32,6.66,6.66,6.66,6.66,6.66,6.66,5.26,5.26,5.26,5.26,5.26,5.26,3.37,3.43,3.49,3.55,3.61,3.67,3.37,3.43,3.49,3.55,3.61,3.67,77.76,92.39,235.81,235.81,0.0983,0.0887,0.0898,0.0898,0.0898,0.0898,0.0898,0.0898,0.0898,56.07,96.5,111.35,172.78,199.59,
2016-10,0.6376,0.4351,0.0897,0.0708,0.0476,0.0476,68.52,82.32,193.32,193.32,6.66,6.66,6.66,6.66,6.66,6.66,5.26,5.26,5.26,5.26,5.26,5.26,3.37,3.43,3.49,3.55,3.61,3.67,3.37,3.43,3.49,3.55,3.61,3.67,77.76,92.39,235.81,235.81,0.0983,0.0887,0.0898,0.0898,0.0898,0.0898,0.0898,0.0898,0.0898,56.07,96.5,111.35,172.78,199.59,
2016-11,0.6376,0.4351,0.0897,0.0708,0.0476,0.0476,68.52,82.32,193.32,193.32,6.66,6.66,6.66,6.66,6.66,6.66,5.26,5.26,5.26,5.26,5.26,5.26,3.37,3.43,3.49,3.55,3.61,3.67,3.37,3.43,3.49,3.55,3.61,3.67,77.76,92.39,235.81,235.81,0.0983,0.0887,0.0898,0.0898,0.0898,0.0898,0.0898,0.0898,0.0898,56.07,96.5,111.35,172.78,199.59,
2016-12,0.6376,0.4351,0.0897,0.0708,0.0476,0.0476,68.52,82.32,193.32,193.32,6.66,6.66,6.66,6.66,6.66,6.66,5.26,5.26,5.26,5.26,5.26,5.26,3.37,3.43,3.49,3.55,3.61,3.67,3.37,3.43,3.49,3.55,3.61,3.67,77.76,92.39,235.81,235.81,0.0983,0.0887,0.0898,0.0898,0.0898,0.0898,0.0898,0.0898,0.0898,56.07,96.5,111.35,172.78,199.59,
2017-01,0.6376,0.4351,0.0897,0.0708,0.0476,0.0476,68.52,82.32,193.32,193.32,6.66,6.66,6.66,6.66,6.66,6.66,5.26,5.26,5.26,5.26,5.26,5.26,3.37,3.43,3.49,3.55,3.61,3.67,3.37,3.43,3.49,3.55,3.61,3.67,80.93,95.49,238.15,238.15,0.0983,0.0887,0.0898,0.0898,0.0898,0.0898,0.0898,0.0898,0.0898,56.07,96.5,111.35,172.78,199.59,
2017-02,0.6376,0.4351,0.0897,0.0708,0.0476,0.0476,68.52,82.32,193.32,193.32,6.66,6.66,6.66,6.66,6.66,6.66,5.26,5.26,5.26,5.26,5.26,5.26,3.37,3.43,3.49,3.55,3.61,3.67,3.37,3.43,3.49,3.55,3.61,3.67,80.93,95.49,238.15,238.15,0.0983,0.0887,0.0898,0.0898,0.0898,0.0898,0.0898,0.0898,0.0898,56.07,96.5,111.35,172.78,199.59,
2017-03,0.6376,0.4351,0.0897,0.0708,0.0476,0.0476,68.52,82.32,193.32,193.32,6.66,6.66,6.66,6.66,6.66,6.66,5.26,5.26,5.26,5.26,5.26,5.26,3.37,3.43,3.49,3.55,3.61,3.67,3.37,3.43,3.49,3.55,3.61,3.67,80.93,95.49,238.15,238.15,0.0983,0.0887,0.0898,0.0898,0.0898,0.0898,0.0898,0.0898,0.0898,56.07,96.5,111.35,172.78,199.59,
2017-04,0.6376,0.4351,0.0897,0.0708,0.0476,0.0476,68.52,82.32,193.32,193.32,6.66,6.66,6.66,6.66,6.66,6.66,5.26,5.26,5.26,5.26,5.26,5.26,3.37,3.43,3.49,3.55,3.61,3.67,3.37,3.43,3.49,3.55,3.61,3.67,80.93,95.49,238.15,238.15,0.0983,0.0887,0.0898,0.0898,0.0898,0.0898,0.0898,0.0898,0.0898,56.07,96.5,111.35,172.78,199.59,
2017-05,0.6376,0.4351,0.0897,0.0708,0.0476,0.0476,68.52,82.32,193.32,193.32,6.66,6.66,6.66,6.66,6.66,6.66,5.26,5.26,5.26,5.26,5.26,5.26,3.37,3.43,3.49,3.55,3.61,3.67,3.37,3.43,3.49,3.55,3.61,3.67,80.93,95.49,238.15,238.15,0.0983,0.0887,0.0898,0.0898,0.0898,0.0898,0.0898,0.0898,0.0898,56.07,96.5,111.35,172.78,199.59,
2017-06,0.6376,0.4351,0.0897,0.0708,0.0476,0.0476,68.52,82.32,193.32,193.32,6.66,6.66,6.66,6.66,6.66,6.66,5.26,5.26,5.26,5.26,5.26,5.26,3.37,3.43,3.49,3.55,3.61,3.67,3.37,3.43,3.49,3.55,3.61,3.67,80.93,95.49,238.15,238.15,0.0983,0.0887,0.0898,0.0898,0.0898,0.0898,0.0898,0.0898,0.0898,56.07,96.5,111.35,172.78,199.59,
2017-07,0.6376,0.4351,0.0897,0.0708,0.0476,0.0476,68.52,82.32,193.32,193.32,6.66,6.66,6.66,6.66,6.66,6.66,5.26,5.26,5.26,5.26,5.26,5.26,3.37,3.43,3.49,3.55,3.61,3.67,3.37,3.43,3.49,3.55,3.61,3.67,80.93,95.49,238.15,238.15,0.0983,0.0887,0.0898,0.0898,0.0898,0.0898,0.0898,0.0898,0.0898,56.07,96.5,111.35,172.78,199.59,
2017-08,0.6376,0.4351,0.0897,0.0708,0.0476,0.0476,68.52,82.32,193.32,193.32,6.66,6.66,6.66,6.66,6.66,6.66,5.26,5.26,5.26,5.26,5.26,5.26,3.37,3.43,3.49,3.55,3.61,3.67,3.37,3.43,3.49,3.55,3.61,3.67,80.93,95.49,238.15,238.15,0.0983,0.0887,0.0898,0.0898,0.0898,0.0898,0.0898,0.0898,0.0898,56.07,96.5,111.35,172.78,199.59,
2017-09,0.6376,0.4351,0.0897,0.0708,0.0476,0.0476,68.52,82.32,193.32,193.32,6.66,6.66,6.66,6.66,6.66,6.66,5.26,5.26,5.26,5.26,5.26,5.26,3.37,3.43,3.49,3.55,3.61,3.67,3.37,3.43,3.49,3.55,3.61,3.67,85.83,92.67,230.71,230.71,0.0983,0.0887,0.0898,0.0898,0.0898,0.0898,0.0898,0.0898,0.0898,56.07,96.5,111.35,172.78,199.59,
2017-10,0.6376,0.4351,0.0897,0.0708,0.0476,0.0476,68.52,82.32,193.32,193.32,6.66,6.66,6.66,6.66,6.66,6.66,5.26,5.26,5.26,5.26,5.26,5.26,3.37,3.43,3.49,3.55,3.61,3.67,3.37,3.43,3.49,3.55,3.61,3.67,85.83,92.67,230.71,230.71,0.0983,0.0887,0.0898,0.0898,0.0898,0.0898,0.0898,0.0898,0.0898,56.07,96.5,111.35,172.78,199.59,
2017-11,0.6376,0.4351,0.0897,0.0708,0.0476,0.0476,68.52,82.32,193.32,193.32,6.66,6.66,6.66,6.66,6.66,6.66,5.26,5.26,5.26,5.26,5.26,5.26,3.37,3.43,3.49,3.55,3.61,3.67,3.37,3.43,3.49,3.55,3.61,3.67,85.83,92.67,230.71,230.71,0.0983,0.0887,0.0898,0.0898,0.0898,0.0898,0.0898,0.0898,0.0898,56.07,96.5,111.35,172.78,199.59,
2017-12,0.6376,0.4351,0.0897,0.0708,0.0476,0.0476,68.52,82.32,193.32,193.32,6.66,6.66,6.66,6.66,6.66,6.66,5.26,5.26,5.26,5.26,5.26,5.26,3.37,3.43,3.49,3.55,3.61,3.67,3.37,3.43,3.49,3.55,3.61,3.67,85.83,92.67,230.71,230.71,0.0983,0.0887,0.0898,0.0898,0.0898,0.0898,0.0898,0.0898,0.0898,56.07,96.5,111.35,172.78,199.59,
2018-01,0.6376,0.4351,0.0897,0.0708,0.0476,0.0476,73.32,79.8,186.84,186.84,6.3,6.3,6.3,6.3,6.3,6.3,5.64,5.64,5.64,5.64,5.64,5.64,3.81,3.87,3.93,3.99,4.05,4.11,3.81,3.87,3.93,3.99,4.05,4.11,85.83,92.67,230.71,230.71,0.0975,0.0902,0.0915,0.0915,0.0915,0.0915,0.0915,0.0915,0.0915,68.4,102.12,120.12,138.48,157.07999999999998,
2018-02,0.6376,0.4351,0.0897,0.0708,0.0476,0.0476,73.32,79.8,186.84,186.84,6.3,6.3,6.3,6.3,6.3,6.3,5.64,5.64,5.64,5.64,5.64,5.64,3.81,3.87,3.93,3.99,4.05,4.11,3.81,3.87,3.93,3.99,4.05,4.11,85.83,92.67,230.71,230.71,0.0975,0.0902,0.0915,0.0915,0.0915,0.0915,0.0915,0.0915,0.0915,68.4,102.12,120.12,138.48,157.07999999999998,
2018-03,0.6376,0.4351,0.0897,0.0708,0.0476,0.0476,73.32,79.8,186.84,186.84,6.3,6.3,6.3,6.3,6.3,6.3,5.64,5.64,5.64,5.64,5.64,5.64,3.81,3.87,3.93,3.99,4.05,4.11,3.81,3.87,3.93,3.99,4.05,4.11,85.83,92.67,230.71,230.71,0.0975,0.0902,0.0915,0.0915,0.0915,0.0915,0.0915,0.0915,0.0915,68.4,102.12,120.12,138.48,157.07999999999998,
2018-04,0.6376,0.4351,0.0897,0.0708,0.0476,0.0476,73.32,79.8,186.84,186.84,6.3,6.3,6.3,6.3,6.3,6.3,5.64,5.64,5.64,5.64,5.64,5.64,3.81,3.87,3.93,3.99,4.05,4.11,3.81,3.87,3.93,3.99,4.05,4.11,85.83,92.67,230.71,230.71,0.0975,0.0902,0.0915,0.0915,0.0915,0.0915,0.0915,0.0915,0.0915,68.4,102.12,120.12,138.48,157.07999999999998,
2018-05,0.6376,0.4351,0.0897,0.0708,0.0476,0.0476,73.32,79.8,186.84,186.84,6.3,6.3,6.3,6.3,6.3,6.3,5.64,5.64,5.64,5.64,5.64,5.64,3.81,3.87,3.93,3.99,4.05,4.11,3.81,3.87,3.93,3.99,4.05,4.11,85.83,92.67,230.71,230.71,0.0975,0.0902,0.0915,0.0915,0.0915,0.0915,0.0915,0.0915,0.0915,68.4,102.12,120.12,138.48,157.07999999999998,
2018-06,0.6376,0.4351,0.0897,0.0708,0.0476,0.0476,73.32,79.8,186.84,186.84,6.3,6.3,6.3,6.3,6.3,6.3,5.64,5.64,5.64,5.64,5.64,5.64,3.81,3.87,3.93,3.99,4.05,4.11,3.81,3.87,3.93,3.99,4.05,4.11,85.83,92.67,230.71,230.71,0.0975,0.0902,0.0915,0.0915,0.0915,0.0915,0.0915,0.0915,0.0915,68.4,102.12,120.12,138.48,157.07999999999998,
2018-07,0.6376,0.4351,0.0897,0.0708,0.0476,0.0476,73.32,79.8,186.84,186.84,6.3,6.3,6.3,6.3,6.3,6.3,5.64,5.64,5.64,5.64,5.64,5.64,3.81,3.87,3.93,3.99,4.05,4.11,3.81,3.87,3.93,3.99,4.05,4.11,85.83,92.67,230.71,230.71,0.0975,0.0902,0.0915,0.0915,0.0915,0.0915,0.0915,0.0915,0.0915,68.4,102.12,120.12,138.48,157.07999999999998,
2018-08,0.6376,0.4351,0.0897,0.0708,0.0476,0.0476,73.32,79.8,186.84,186.84,6.3,6.3,6.3,6.3,6.3,6.3,5.64,5.64,5.64,5.64,5.64,5.64,3.81,3.87,3.93,3.99,4.05,4.11,3.81,3.87,3.93,3.99,4.05,4.11,85.83,92.67,230.71,230.71,0.0975,0.0902,0.0915,0.0915,0.0915,0.0915,0.0915,0.0915,0.0915,68.4,102.12,120.12,138.48,157.07999999999998,
2018-09,0.6376,0.4351,0.0897,0.0708,0.0476,0.0476,73.32,79.8,186.84,186.84,6.3,6.3,6.3,6.3,6.3,6.3,5.64,5.64,5.64,5.64,5.64,5.64,3.81,3.87,3.93,3.99,4.05,4.11,3.81,3.87,3.93,3.99,4.05,4.11,85.83,92.67,230.71,230.71,0.0975,0.0902,0.0915,0.0915,0.0915,0.0915,0.0915,0.0915,0.0915,68.4,102.12,120.12,138.48,157.07999999999998,
2018-10,0.6376,0.4351,0.0897,0.0708,0.0476,0.0476,73.32,79.8,186.84,186.84,6.3,6.3,6.3,6.3,6.3,6.3,5.64,5.64,5.64,5.64,5.64,5.64,3.81,3.87,3.93,3.99,4.05,4.11,3.81,3.87,3.93,3.99,4.05,4.11,85.83,92.67,230.71,230.71,0.0975,0.0902,0.0915,0.0915,0.0915,0.0915,0.0915,0.0915,0.0915,68.4,102.12,120.12,138.48,157.07999999999998,
2018-11,0.6376,0.4351,0.0897,0.0708,0.0476,0.0476,73.32,79.8,186.84,186.84,6.3,6.3,6.3,6.3,6.3,6.3,5.64,5.64,5.64,5.64,5.64,5.64,3.81,3.87,3.93,3.99,4.05,4.11,3.81,3.87,3.93,3.99,4.05,4.11,85.83,92.67,230.71,230.71,0.0975,0.0902,0.0915,0.0915,0.0915,0.0915,0.0915,0.0915,0.0915,68.4,102.12,120.12,138.48,157.07999999999998,
2018-12,0.6376,0.4351,0.0897,0.0708,0.0476,0.0476,73.32,79.8,186.84,186.84,6.3,6.3,6.3,6.3,6.3,6.3,5.64,5.64,5.64,5.64,5.64,5.64,3.81,3.87,3.93,3.99,4.05,4.11,3.81,3.87,3.93,3.99,4.05,4.11,85.83,92.67,230.71,230.71,0.0975,0.0902,0.0915,0.0915,0.0915,0.0915,0.0915,0.0915,0.0915,68.4,102.12,120.12,138.48,157.07999999999998,
